"","DATE","ATM","Cash"
"1",2009-05-01,"ATM1",96
"2",2009-05-01,"ATM2",107
"3",2009-05-01,"ATM3",0
"4",2009-05-01,"ATM4",777
"5",2009-05-02,"ATM1",82
"6",2009-05-02,"ATM2",89
"7",2009-05-02,"ATM3",0
"8",2009-05-02,"ATM4",525
"9",2009-05-03,"ATM1",85
"10",2009-05-03,"ATM2",90
"11",2009-05-03,"ATM3",0
"12",2009-05-03,"ATM4",793
"13",2009-05-04,"ATM1",90
"14",2009-05-04,"ATM2",55
"15",2009-05-04,"ATM3",0
"16",2009-05-04,"ATM4",909
"17",2009-05-05,"ATM1",99
"18",2009-05-05,"ATM2",79
"19",2009-05-05,"ATM3",0
"20",2009-05-05,"ATM4",53
"21",2009-05-06,"ATM1",88
"22",2009-05-06,"ATM2",19
"23",2009-05-06,"ATM3",0
"24",2009-05-06,"ATM4",53
"25",2009-05-07,"ATM1",8
"26",2009-05-07,"ATM2",2
"27",2009-05-07,"ATM3",0
"28",2009-05-07,"ATM4",56
"29",2009-05-08,"ATM1",104
"30",2009-05-08,"ATM2",103
"31",2009-05-08,"ATM3",0
"32",2009-05-08,"ATM4",559
"33",2009-05-09,"ATM1",87
"34",2009-05-09,"ATM2",107
"35",2009-05-09,"ATM3",0
"36",2009-05-09,"ATM4",905
"37",2009-05-10,"ATM1",93
"38",2009-05-10,"ATM2",118
"39",2009-05-10,"ATM3",0
"40",2009-05-10,"ATM4",880
"41",2009-05-11,"ATM1",86
"42",2009-05-11,"ATM2",75
"43",2009-05-11,"ATM3",0
"44",2009-05-11,"ATM4",275
"45",2009-05-12,"ATM1",111
"46",2009-05-12,"ATM2",111
"47",2009-05-12,"ATM3",0
"48",2009-05-12,"ATM4",397
"49",2009-05-13,"ATM1",75
"50",2009-05-13,"ATM2",25
"51",2009-05-13,"ATM3",0
"52",2009-05-13,"ATM4",275
"53",2009-05-14,"ATM1",6
"54",2009-05-14,"ATM2",16
"55",2009-05-14,"ATM3",0
"56",2009-05-14,"ATM4",17
"57",2009-05-15,"ATM1",102
"58",2009-05-15,"ATM2",137
"59",2009-05-15,"ATM3",0
"60",2009-05-15,"ATM4",853
"61",2009-05-16,"ATM1",73
"62",2009-05-16,"ATM2",95
"63",2009-05-16,"ATM3",0
"64",2009-05-16,"ATM4",380
"65",2009-05-17,"ATM1",92
"66",2009-05-17,"ATM2",103
"67",2009-05-17,"ATM3",0
"68",2009-05-17,"ATM4",32
"69",2009-05-18,"ATM1",82
"70",2009-05-18,"ATM2",80
"71",2009-05-18,"ATM3",0
"72",2009-05-18,"ATM4",492
"73",2009-05-19,"ATM1",86
"74",2009-05-19,"ATM2",118
"75",2009-05-19,"ATM3",0
"76",2009-05-19,"ATM4",84
"77",2009-05-20,"ATM1",73
"78",2009-05-20,"ATM2",30
"79",2009-05-20,"ATM3",0
"80",2009-05-20,"ATM4",129
"81",2009-05-21,"ATM1",20
"82",2009-05-21,"ATM2",7
"83",2009-05-21,"ATM3",0
"84",2009-05-21,"ATM4",15
"85",2009-05-22,"ATM1",100
"86",2009-05-22,"ATM2",118
"87",2009-05-22,"ATM3",0
"88",2009-05-22,"ATM4",816
"89",2009-05-23,"ATM1",93
"90",2009-05-23,"ATM2",104
"91",2009-05-23,"ATM3",0
"92",2009-05-23,"ATM4",759
"93",2009-05-24,"ATM1",90
"94",2009-05-24,"ATM2",59
"95",2009-05-24,"ATM3",0
"96",2009-05-24,"ATM4",602
"97",2009-05-25,"ATM1",94
"98",2009-05-25,"ATM2",40
"99",2009-05-25,"ATM3",0
"100",2009-05-25,"ATM4",907
"101",2009-05-26,"ATM1",98
"102",2009-05-26,"ATM2",106
"103",2009-05-26,"ATM3",0
"104",2009-05-26,"ATM4",503
"105",2009-05-27,"ATM1",73
"106",2009-05-27,"ATM2",18
"107",2009-05-27,"ATM3",0
"108",2009-05-27,"ATM4",89
"109",2009-05-28,"ATM1",10
"110",2009-05-28,"ATM2",9
"111",2009-05-28,"ATM3",0
"112",2009-05-28,"ATM4",36
"113",2009-05-29,"ATM1",97
"114",2009-05-29,"ATM2",136
"115",2009-05-29,"ATM3",0
"116",2009-05-29,"ATM4",339
"117",2009-05-30,"ATM1",102
"118",2009-05-30,"ATM2",118
"119",2009-05-30,"ATM3",0
"120",2009-05-30,"ATM4",5
"121",2009-05-31,"ATM1",85
"122",2009-05-31,"ATM2",64
"123",2009-05-31,"ATM3",0
"124",2009-05-31,"ATM4",123
"125",2009-06-01,"ATM1",85
"126",2009-06-01,"ATM2",77
"127",2009-06-01,"ATM3",0
"128",2009-06-01,"ATM4",151
"129",2009-06-02,"ATM1",108
"130",2009-06-02,"ATM2",133
"131",2009-06-02,"ATM3",0
"132",2009-06-02,"ATM4",722
"133",2009-06-03,"ATM1",94
"134",2009-06-03,"ATM2",45
"135",2009-06-03,"ATM3",0
"136",2009-06-03,"ATM4",444
"137",2009-06-04,"ATM1",14
"138",2009-06-04,"ATM2",14
"139",2009-06-04,"ATM3",0
"140",2009-06-04,"ATM4",18
"141",2009-06-05,"ATM1",3
"142",2009-06-05,"ATM2",20
"143",2009-06-05,"ATM3",0
"144",2009-06-05,"ATM4",15
"145",2009-06-06,"ATM1",96
"146",2009-06-06,"ATM2",147
"147",2009-06-06,"ATM3",0
"148",2009-06-06,"ATM4",741
"149",2009-06-07,"ATM1",109
"150",2009-06-07,"ATM2",105
"151",2009-06-07,"ATM3",0
"152",2009-06-07,"ATM4",1059
"153",2009-06-08,"ATM1",96
"154",2009-06-08,"ATM2",132
"155",2009-06-08,"ATM3",0
"156",2009-06-08,"ATM4",577
"157",2009-06-09,"ATM1",145
"158",2009-06-09,"ATM2",93
"159",2009-06-09,"ATM3",0
"160",2009-06-09,"ATM4",1485
"161",2009-06-10,"ATM1",81
"162",2009-06-10,"ATM2",26
"163",2009-06-10,"ATM3",0
"164",2009-06-10,"ATM4",194
"165",2009-06-11,"ATM1",16
"166",2009-06-11,"ATM2",7
"167",2009-06-11,"ATM3",0
"168",2009-06-11,"ATM4",28
"169",2009-06-12,"ATM1",142
"170",2009-06-12,"ATM2",112
"171",2009-06-12,"ATM3",0
"172",2009-06-12,"ATM4",1191
"173",2009-06-13,"ATM1",NA
"174",2009-06-13,"ATM2",91
"175",2009-06-13,"ATM3",0
"176",2009-06-13,"ATM4",747
"177",2009-06-14,"ATM1",120
"178",2009-06-14,"ATM2",72
"179",2009-06-14,"ATM3",0
"180",2009-06-14,"ATM4",1221
"181",2009-06-15,"ATM1",106
"182",2009-06-15,"ATM2",66
"183",2009-06-15,"ATM3",0
"184",2009-06-15,"ATM4",1022
"185",2009-06-16,"ATM1",NA
"186",2009-06-16,"ATM2",82
"187",2009-06-16,"ATM3",0
"188",2009-06-16,"ATM4",373
"189",2009-06-17,"ATM1",108
"190",2009-06-17,"ATM2",24
"191",2009-06-17,"ATM3",0
"192",2009-06-17,"ATM4",322
"193",2009-06-18,"ATM1",21
"194",2009-06-18,"ATM2",NA
"195",2009-06-18,"ATM3",0
"196",2009-06-18,"ATM4",93
"197",2009-06-19,"ATM1",140
"198",2009-06-19,"ATM2",134
"199",2009-06-19,"ATM3",0
"200",2009-06-19,"ATM4",117
"201",2009-06-20,"ATM1",110
"202",2009-06-20,"ATM2",95
"203",2009-06-20,"ATM3",0
"204",2009-06-20,"ATM4",203
"205",2009-06-21,"ATM1",115
"206",2009-06-21,"ATM2",82
"207",2009-06-21,"ATM3",0
"208",2009-06-21,"ATM4",525
"209",2009-06-22,"ATM1",NA
"210",2009-06-22,"ATM2",90
"211",2009-06-22,"ATM3",0
"212",2009-06-22,"ATM4",81
"213",2009-06-23,"ATM1",108
"214",2009-06-23,"ATM2",99
"215",2009-06-23,"ATM3",0
"216",2009-06-23,"ATM4",65
"217",2009-06-24,"ATM1",66
"218",2009-06-24,"ATM2",NA
"219",2009-06-24,"ATM3",0
"220",2009-06-24,"ATM4",91
"221",2009-06-25,"ATM1",13
"222",2009-06-25,"ATM2",3
"223",2009-06-25,"ATM3",0
"224",2009-06-25,"ATM4",49
"225",2009-06-26,"ATM1",99
"226",2009-06-26,"ATM2",117
"227",2009-06-26,"ATM3",0
"228",2009-06-26,"ATM4",1027
"229",2009-06-27,"ATM1",105
"230",2009-06-27,"ATM2",53
"231",2009-06-27,"ATM3",0
"232",2009-06-27,"ATM4",424
"233",2009-06-28,"ATM1",104
"234",2009-06-28,"ATM2",44
"235",2009-06-28,"ATM3",0
"236",2009-06-28,"ATM4",61
"237",2009-06-29,"ATM1",98
"238",2009-06-29,"ATM2",56
"239",2009-06-29,"ATM3",0
"240",2009-06-29,"ATM4",541
"241",2009-06-30,"ATM1",110
"242",2009-06-30,"ATM2",110
"243",2009-06-30,"ATM3",0
"244",2009-06-30,"ATM4",174
"245",2009-07-01,"ATM1",79
"246",2009-07-01,"ATM2",36
"247",2009-07-01,"ATM3",0
"248",2009-07-01,"ATM4",394
"249",2009-07-02,"ATM1",16
"250",2009-07-02,"ATM2",12
"251",2009-07-02,"ATM3",0
"252",2009-07-02,"ATM4",42
"253",2009-07-03,"ATM1",110
"254",2009-07-03,"ATM2",128
"255",2009-07-03,"ATM3",0
"256",2009-07-03,"ATM4",311
"257",2009-07-04,"ATM1",96
"258",2009-07-04,"ATM2",72
"259",2009-07-04,"ATM3",0
"260",2009-07-04,"ATM4",111
"261",2009-07-05,"ATM1",114
"262",2009-07-05,"ATM2",122
"263",2009-07-05,"ATM3",0
"264",2009-07-05,"ATM4",683
"265",2009-07-06,"ATM1",126
"266",2009-07-06,"ATM2",100
"267",2009-07-06,"ATM3",0
"268",2009-07-06,"ATM4",55
"269",2009-07-07,"ATM1",126
"270",2009-07-07,"ATM2",108
"271",2009-07-07,"ATM3",0
"272",2009-07-07,"ATM4",214
"273",2009-07-08,"ATM1",73
"274",2009-07-08,"ATM2",25
"275",2009-07-08,"ATM3",0
"276",2009-07-08,"ATM4",739
"277",2009-07-09,"ATM1",4
"278",2009-07-09,"ATM2",6
"279",2009-07-09,"ATM3",0
"280",2009-07-09,"ATM4",17
"281",2009-07-10,"ATM1",19
"282",2009-07-10,"ATM2",22
"283",2009-07-10,"ATM3",0
"284",2009-07-10,"ATM4",17
"285",2009-07-11,"ATM1",114
"286",2009-07-11,"ATM2",135
"287",2009-07-11,"ATM3",0
"288",2009-07-11,"ATM4",1051
"289",2009-07-12,"ATM1",98
"290",2009-07-12,"ATM2",69
"291",2009-07-12,"ATM3",0
"292",2009-07-12,"ATM4",439
"293",2009-07-13,"ATM1",97
"294",2009-07-13,"ATM2",52
"295",2009-07-13,"ATM3",0
"296",2009-07-13,"ATM4",547
"297",2009-07-14,"ATM1",114
"298",2009-07-14,"ATM2",81
"299",2009-07-14,"ATM3",0
"300",2009-07-14,"ATM4",859
"301",2009-07-15,"ATM1",78
"302",2009-07-15,"ATM2",27
"303",2009-07-15,"ATM3",0
"304",2009-07-15,"ATM4",447
"305",2009-07-16,"ATM1",19
"306",2009-07-16,"ATM2",4
"307",2009-07-16,"ATM3",0
"308",2009-07-16,"ATM4",95
"309",2009-07-17,"ATM1",102
"310",2009-07-17,"ATM2",147
"311",2009-07-17,"ATM3",0
"312",2009-07-17,"ATM4",645
"313",2009-07-18,"ATM1",94
"314",2009-07-18,"ATM2",102
"315",2009-07-18,"ATM3",0
"316",2009-07-18,"ATM4",569
"317",2009-07-19,"ATM1",108
"318",2009-07-19,"ATM2",83
"319",2009-07-19,"ATM3",0
"320",2009-07-19,"ATM4",705
"321",2009-07-20,"ATM1",91
"322",2009-07-20,"ATM2",55
"323",2009-07-20,"ATM3",0
"324",2009-07-20,"ATM4",572
"325",2009-07-21,"ATM1",86
"326",2009-07-21,"ATM2",74
"327",2009-07-21,"ATM3",0
"328",2009-07-21,"ATM4",480
"329",2009-07-22,"ATM1",78
"330",2009-07-22,"ATM2",22
"331",2009-07-22,"ATM3",0
"332",2009-07-22,"ATM4",419
"333",2009-07-23,"ATM1",16
"334",2009-07-23,"ATM2",4
"335",2009-07-23,"ATM3",0
"336",2009-07-23,"ATM4",28
"337",2009-07-24,"ATM1",114
"338",2009-07-24,"ATM2",104
"339",2009-07-24,"ATM3",0
"340",2009-07-24,"ATM4",835
"341",2009-07-25,"ATM1",115
"342",2009-07-25,"ATM2",81
"343",2009-07-25,"ATM3",0
"344",2009-07-25,"ATM4",911
"345",2009-07-26,"ATM1",108
"346",2009-07-26,"ATM2",61
"347",2009-07-26,"ATM3",0
"348",2009-07-26,"ATM4",469
"349",2009-07-27,"ATM1",102
"350",2009-07-27,"ATM2",70
"351",2009-07-27,"ATM3",0
"352",2009-07-27,"ATM4",769
"353",2009-07-28,"ATM1",129
"354",2009-07-28,"ATM2",126
"355",2009-07-28,"ATM3",0
"356",2009-07-28,"ATM4",1090
"357",2009-07-29,"ATM1",79
"358",2009-07-29,"ATM2",33
"359",2009-07-29,"ATM3",0
"360",2009-07-29,"ATM4",267
"361",2009-07-30,"ATM1",13
"362",2009-07-30,"ATM2",7
"363",2009-07-30,"ATM3",0
"364",2009-07-30,"ATM4",8
"365",2009-07-31,"ATM1",103
"366",2009-07-31,"ATM2",126
"367",2009-07-31,"ATM3",0
"368",2009-07-31,"ATM4",705
"369",2009-08-01,"ATM1",90
"370",2009-08-01,"ATM2",92
"371",2009-08-01,"ATM3",0
"372",2009-08-01,"ATM4",496
"373",2009-08-02,"ATM1",68
"374",2009-08-02,"ATM2",81
"375",2009-08-02,"ATM3",0
"376",2009-08-02,"ATM4",143
"377",2009-08-03,"ATM1",85
"378",2009-08-03,"ATM2",49
"379",2009-08-03,"ATM3",0
"380",2009-08-03,"ATM4",429
"381",2009-08-04,"ATM1",99
"382",2009-08-04,"ATM2",146
"383",2009-08-04,"ATM3",0
"384",2009-08-04,"ATM4",895
"385",2009-08-05,"ATM1",86
"386",2009-08-05,"ATM2",79
"387",2009-08-05,"ATM3",0
"388",2009-08-05,"ATM4",611
"389",2009-08-06,"ATM1",13
"390",2009-08-06,"ATM2",37
"391",2009-08-06,"ATM3",0
"392",2009-08-06,"ATM4",71
"393",2009-08-07,"ATM1",116
"394",2009-08-07,"ATM2",136
"395",2009-08-07,"ATM3",0
"396",2009-08-07,"ATM4",594
"397",2009-08-08,"ATM1",105
"398",2009-08-08,"ATM2",111
"399",2009-08-08,"ATM3",0
"400",2009-08-08,"ATM4",342
"401",2009-08-09,"ATM1",123
"402",2009-08-09,"ATM2",78
"403",2009-08-09,"ATM3",0
"404",2009-08-09,"ATM4",736
"405",2009-08-10,"ATM1",114
"406",2009-08-10,"ATM2",57
"407",2009-08-10,"ATM3",0
"408",2009-08-10,"ATM4",463
"409",2009-08-11,"ATM1",127
"410",2009-08-11,"ATM2",106
"411",2009-08-11,"ATM3",0
"412",2009-08-11,"ATM4",1157
"413",2009-08-12,"ATM1",111
"414",2009-08-12,"ATM2",38
"415",2009-08-12,"ATM3",0
"416",2009-08-12,"ATM4",455
"417",2009-08-13,"ATM1",34
"418",2009-08-13,"ATM2",15
"419",2009-08-13,"ATM3",0
"420",2009-08-13,"ATM4",284
"421",2009-08-14,"ATM1",151
"422",2009-08-14,"ATM2",119
"423",2009-08-14,"ATM3",0
"424",2009-08-14,"ATM4",572
"425",2009-08-15,"ATM1",110
"426",2009-08-15,"ATM2",110
"427",2009-08-15,"ATM3",0
"428",2009-08-15,"ATM4",773
"429",2009-08-16,"ATM1",115
"430",2009-08-16,"ATM2",68
"431",2009-08-16,"ATM3",0
"432",2009-08-16,"ATM4",261
"433",2009-08-17,"ATM1",112
"434",2009-08-17,"ATM2",60
"435",2009-08-17,"ATM3",0
"436",2009-08-17,"ATM4",358
"437",2009-08-18,"ATM1",132
"438",2009-08-18,"ATM2",92
"439",2009-08-18,"ATM3",0
"440",2009-08-18,"ATM4",17
"441",2009-08-19,"ATM1",94
"442",2009-08-19,"ATM2",22
"443",2009-08-19,"ATM3",0
"444",2009-08-19,"ATM4",335
"445",2009-08-20,"ATM1",24
"446",2009-08-20,"ATM2",11
"447",2009-08-20,"ATM3",0
"448",2009-08-20,"ATM4",26
"449",2009-08-21,"ATM1",122
"450",2009-08-21,"ATM2",121
"451",2009-08-21,"ATM3",0
"452",2009-08-21,"ATM4",255
"453",2009-08-22,"ATM1",104
"454",2009-08-22,"ATM2",89
"455",2009-08-22,"ATM3",0
"456",2009-08-22,"ATM4",358
"457",2009-08-23,"ATM1",128
"458",2009-08-23,"ATM2",62
"459",2009-08-23,"ATM3",0
"460",2009-08-23,"ATM4",1246
"461",2009-08-24,"ATM1",120
"462",2009-08-24,"ATM2",79
"463",2009-08-24,"ATM3",0
"464",2009-08-24,"ATM4",918
"465",2009-08-25,"ATM1",174
"466",2009-08-25,"ATM2",83
"467",2009-08-25,"ATM3",0
"468",2009-08-25,"ATM4",593
"469",2009-08-26,"ATM1",96
"470",2009-08-26,"ATM2",31
"471",2009-08-26,"ATM3",0
"472",2009-08-26,"ATM4",413
"473",2009-08-27,"ATM1",13
"474",2009-08-27,"ATM2",4
"475",2009-08-27,"ATM3",0
"476",2009-08-27,"ATM4",83
"477",2009-08-28,"ATM1",121
"478",2009-08-28,"ATM2",96
"479",2009-08-28,"ATM3",0
"480",2009-08-28,"ATM4",997
"481",2009-08-29,"ATM1",133
"482",2009-08-29,"ATM2",50
"483",2009-08-29,"ATM3",0
"484",2009-08-29,"ATM4",104
"485",2009-08-30,"ATM1",118
"486",2009-08-30,"ATM2",52
"487",2009-08-30,"ATM3",0
"488",2009-08-30,"ATM4",1117
"489",2009-08-31,"ATM1",91
"490",2009-08-31,"ATM2",56
"491",2009-08-31,"ATM3",0
"492",2009-08-31,"ATM4",817
"493",2009-09-01,"ATM1",120
"494",2009-09-01,"ATM2",104
"495",2009-09-01,"ATM3",0
"496",2009-09-01,"ATM4",915
"497",2009-09-02,"ATM1",88
"498",2009-09-02,"ATM2",27
"499",2009-09-02,"ATM3",0
"500",2009-09-02,"ATM4",649
"501",2009-09-03,"ATM1",19
"502",2009-09-03,"ATM2",13
"503",2009-09-03,"ATM3",0
"504",2009-09-03,"ATM4",141
"505",2009-09-04,"ATM1",150
"506",2009-09-04,"ATM2",107
"507",2009-09-04,"ATM3",0
"508",2009-09-04,"ATM4",1496
"509",2009-09-05,"ATM1",144
"510",2009-09-05,"ATM2",125
"511",2009-09-05,"ATM3",0
"512",2009-09-05,"ATM4",1302
"513",2009-09-06,"ATM1",121
"514",2009-09-06,"ATM2",103
"515",2009-09-06,"ATM3",0
"516",2009-09-06,"ATM4",780
"517",2009-09-07,"ATM1",105
"518",2009-09-07,"ATM2",42
"519",2009-09-07,"ATM3",0
"520",2009-09-07,"ATM4",745
"521",2009-09-08,"ATM1",133
"522",2009-09-08,"ATM2",90
"523",2009-09-08,"ATM3",0
"524",2009-09-08,"ATM4",201
"525",2009-09-09,"ATM1",109
"526",2009-09-09,"ATM2",29
"527",2009-09-09,"ATM3",0
"528",2009-09-09,"ATM4",855
"529",2009-09-10,"ATM1",18
"530",2009-09-10,"ATM2",8
"531",2009-09-10,"ATM3",0
"532",2009-09-10,"ATM4",51
"533",2009-09-11,"ATM1",1
"534",2009-09-11,"ATM2",2
"535",2009-09-11,"ATM3",0
"536",2009-09-11,"ATM4",8
"537",2009-09-12,"ATM1",105
"538",2009-09-12,"ATM2",84
"539",2009-09-12,"ATM3",0
"540",2009-09-12,"ATM4",1062
"541",2009-09-13,"ATM1",112
"542",2009-09-13,"ATM2",62
"543",2009-09-13,"ATM3",0
"544",2009-09-13,"ATM4",716
"545",2009-09-14,"ATM1",82
"546",2009-09-14,"ATM2",77
"547",2009-09-14,"ATM3",0
"548",2009-09-14,"ATM4",36
"549",2009-09-15,"ATM1",111
"550",2009-09-15,"ATM2",78
"551",2009-09-15,"ATM3",0
"552",2009-09-15,"ATM4",492
"553",2009-09-16,"ATM1",79
"554",2009-09-16,"ATM2",25
"555",2009-09-16,"ATM3",0
"556",2009-09-16,"ATM4",344
"557",2009-09-17,"ATM1",13
"558",2009-09-17,"ATM2",8
"559",2009-09-17,"ATM3",0
"560",2009-09-17,"ATM4",21
"561",2009-09-18,"ATM1",112
"562",2009-09-18,"ATM2",113
"563",2009-09-18,"ATM3",0
"564",2009-09-18,"ATM4",506
"565",2009-09-19,"ATM1",99
"566",2009-09-19,"ATM2",71
"567",2009-09-19,"ATM3",0
"568",2009-09-19,"ATM4",98
"569",2009-09-20,"ATM1",140
"570",2009-09-20,"ATM2",94
"571",2009-09-20,"ATM3",0
"572",2009-09-20,"ATM4",474
"573",2009-09-21,"ATM1",110
"574",2009-09-21,"ATM2",59
"575",2009-09-21,"ATM3",0
"576",2009-09-21,"ATM4",900
"577",2009-09-22,"ATM1",180
"578",2009-09-22,"ATM2",89
"579",2009-09-22,"ATM3",0
"580",2009-09-22,"ATM4",1713
"581",2009-09-23,"ATM1",73
"582",2009-09-23,"ATM2",18
"583",2009-09-23,"ATM3",0
"584",2009-09-23,"ATM4",282
"585",2009-09-24,"ATM1",7
"586",2009-09-24,"ATM2",6
"587",2009-09-24,"ATM3",0
"588",2009-09-24,"ATM4",27
"589",2009-09-25,"ATM1",106
"590",2009-09-25,"ATM2",115
"591",2009-09-25,"ATM3",0
"592",2009-09-25,"ATM4",329
"593",2009-09-26,"ATM1",103
"594",2009-09-26,"ATM2",81
"595",2009-09-26,"ATM3",0
"596",2009-09-26,"ATM4",762
"597",2009-09-27,"ATM1",93
"598",2009-09-27,"ATM2",61
"599",2009-09-27,"ATM3",0
"600",2009-09-27,"ATM4",630
"601",2009-09-28,"ATM1",96
"602",2009-09-28,"ATM2",71
"603",2009-09-28,"ATM3",0
"604",2009-09-28,"ATM4",236
"605",2009-09-29,"ATM1",117
"606",2009-09-29,"ATM2",69
"607",2009-09-29,"ATM3",0
"608",2009-09-29,"ATM4",1196
"609",2009-09-30,"ATM1",80
"610",2009-09-30,"ATM2",36
"611",2009-09-30,"ATM3",0
"612",2009-09-30,"ATM4",783
"613",2009-10-01,"ATM1",14
"614",2009-10-01,"ATM2",14
"615",2009-10-01,"ATM3",0
"616",2009-10-01,"ATM4",109
"617",2009-10-02,"ATM1",120
"618",2009-10-02,"ATM2",104
"619",2009-10-02,"ATM3",0
"620",2009-10-02,"ATM4",847
"621",2009-10-03,"ATM1",91
"622",2009-10-03,"ATM2",73
"623",2009-10-03,"ATM3",0
"624",2009-10-03,"ATM4",577
"625",2009-10-04,"ATM1",96
"626",2009-10-04,"ATM2",86
"627",2009-10-04,"ATM3",0
"628",2009-10-04,"ATM4",442
"629",2009-10-05,"ATM1",74
"630",2009-10-05,"ATM2",85
"631",2009-10-05,"ATM3",0
"632",2009-10-05,"ATM4",320
"633",2009-10-06,"ATM1",108
"634",2009-10-06,"ATM2",126
"635",2009-10-06,"ATM3",0
"636",2009-10-06,"ATM4",155
"637",2009-10-07,"ATM1",73
"638",2009-10-07,"ATM2",31
"639",2009-10-07,"ATM3",0
"640",2009-10-07,"ATM4",544
"641",2009-10-08,"ATM1",13
"642",2009-10-08,"ATM2",9
"643",2009-10-08,"ATM3",0
"644",2009-10-08,"ATM4",125
"645",2009-10-09,"ATM1",93
"646",2009-10-09,"ATM2",114
"647",2009-10-09,"ATM3",0
"648",2009-10-09,"ATM4",450
"649",2009-10-10,"ATM1",94
"650",2009-10-10,"ATM2",78
"651",2009-10-10,"ATM3",0
"652",2009-10-10,"ATM4",615
"653",2009-10-11,"ATM1",76
"654",2009-10-11,"ATM2",45
"655",2009-10-11,"ATM3",0
"656",2009-10-11,"ATM4",220
"657",2009-10-12,"ATM1",111
"658",2009-10-12,"ATM2",60
"659",2009-10-12,"ATM3",0
"660",2009-10-12,"ATM4",946
"661",2009-10-13,"ATM1",88
"662",2009-10-13,"ATM2",91
"663",2009-10-13,"ATM3",0
"664",2009-10-13,"ATM4",10
"665",2009-10-14,"ATM1",76
"666",2009-10-14,"ATM2",22
"667",2009-10-14,"ATM3",0
"668",2009-10-14,"ATM4",697
"669",2009-10-15,"ATM1",9
"670",2009-10-15,"ATM2",7
"671",2009-10-15,"ATM3",0
"672",2009-10-15,"ATM4",9
"673",2009-10-16,"ATM1",87
"674",2009-10-16,"ATM2",75
"675",2009-10-16,"ATM3",0
"676",2009-10-16,"ATM4",846
"677",2009-10-17,"ATM1",105
"678",2009-10-17,"ATM2",66
"679",2009-10-17,"ATM3",0
"680",2009-10-17,"ATM4",213
"681",2009-10-18,"ATM1",78
"682",2009-10-18,"ATM2",64
"683",2009-10-18,"ATM3",0
"684",2009-10-18,"ATM4",10
"685",2009-10-19,"ATM1",67
"686",2009-10-19,"ATM2",51
"687",2009-10-19,"ATM3",0
"688",2009-10-19,"ATM4",47
"689",2009-10-20,"ATM1",90
"690",2009-10-20,"ATM2",94
"691",2009-10-20,"ATM3",0
"692",2009-10-20,"ATM4",31
"693",2009-10-21,"ATM1",68
"694",2009-10-21,"ATM2",23
"695",2009-10-21,"ATM3",0
"696",2009-10-21,"ATM4",401
"697",2009-10-22,"ATM1",9
"698",2009-10-22,"ATM2",4
"699",2009-10-22,"ATM3",0
"700",2009-10-22,"ATM4",62
"701",2009-10-23,"ATM1",78
"702",2009-10-23,"ATM2",127
"703",2009-10-23,"ATM3",0
"704",2009-10-23,"ATM4",429
"705",2009-10-24,"ATM1",74
"706",2009-10-24,"ATM2",61
"707",2009-10-24,"ATM3",0
"708",2009-10-24,"ATM4",2
"709",2009-10-25,"ATM1",74
"710",2009-10-25,"ATM2",0
"711",2009-10-25,"ATM3",0
"712",2009-10-25,"ATM4",10
"713",2009-10-26,"ATM1",60
"714",2009-10-26,"ATM2",95
"715",2009-10-26,"ATM3",0
"716",2009-10-26,"ATM4",51
"717",2009-10-27,"ATM1",75
"718",2009-10-27,"ATM2",79
"719",2009-10-27,"ATM3",0
"720",2009-10-27,"ATM4",314
"721",2009-10-28,"ATM1",61
"722",2009-10-28,"ATM2",38
"723",2009-10-28,"ATM3",0
"724",2009-10-28,"ATM4",627
"725",2009-10-29,"ATM1",9
"726",2009-10-29,"ATM2",8
"727",2009-10-29,"ATM3",0
"728",2009-10-29,"ATM4",6
"729",2009-10-30,"ATM1",90
"730",2009-10-30,"ATM2",119
"731",2009-10-30,"ATM3",0
"732",2009-10-30,"ATM4",78
"733",2009-10-31,"ATM1",86
"734",2009-10-31,"ATM2",57
"735",2009-10-31,"ATM3",0
"736",2009-10-31,"ATM4",338
"737",2009-11-01,"ATM1",86
"738",2009-11-01,"ATM2",58
"739",2009-11-01,"ATM3",0
"740",2009-11-01,"ATM4",212
"741",2009-11-02,"ATM1",79
"742",2009-11-02,"ATM2",80
"743",2009-11-02,"ATM3",0
"744",2009-11-02,"ATM4",691
"745",2009-11-03,"ATM1",90
"746",2009-11-03,"ATM2",82
"747",2009-11-03,"ATM3",0
"748",2009-11-03,"ATM4",597
"749",2009-11-04,"ATM1",80
"750",2009-11-04,"ATM2",49
"751",2009-11-04,"ATM3",0
"752",2009-11-04,"ATM4",66
"753",2009-11-05,"ATM1",21
"754",2009-11-05,"ATM2",16
"755",2009-11-05,"ATM3",0
"756",2009-11-05,"ATM4",78
"757",2009-11-06,"ATM1",93
"758",2009-11-06,"ATM2",116
"759",2009-11-06,"ATM3",0
"760",2009-11-06,"ATM4",44
"761",2009-11-07,"ATM1",104
"762",2009-11-07,"ATM2",61
"763",2009-11-07,"ATM3",0
"764",2009-11-07,"ATM4",965
"765",2009-11-08,"ATM1",109
"766",2009-11-08,"ATM2",59
"767",2009-11-08,"ATM3",0
"768",2009-11-08,"ATM4",835
"769",2009-11-09,"ATM1",88
"770",2009-11-09,"ATM2",80
"771",2009-11-09,"ATM3",0
"772",2009-11-09,"ATM4",637
"773",2009-11-10,"ATM1",96
"774",2009-11-10,"ATM2",86
"775",2009-11-10,"ATM3",0
"776",2009-11-10,"ATM4",928
"777",2009-11-11,"ATM1",70
"778",2009-11-11,"ATM2",23
"779",2009-11-11,"ATM3",0
"780",2009-11-11,"ATM4",76
"781",2009-11-12,"ATM1",15
"782",2009-11-12,"ATM2",7
"783",2009-11-12,"ATM3",0
"784",2009-11-12,"ATM4",44
"785",2009-11-13,"ATM1",73
"786",2009-11-13,"ATM2",91
"787",2009-11-13,"ATM3",0
"788",2009-11-13,"ATM4",622
"789",2009-11-14,"ATM1",94
"790",2009-11-14,"ATM2",57
"791",2009-11-14,"ATM3",0
"792",2009-11-14,"ATM4",313
"793",2009-11-15,"ATM1",108
"794",2009-11-15,"ATM2",58
"795",2009-11-15,"ATM3",0
"796",2009-11-15,"ATM4",826
"797",2009-11-16,"ATM1",73
"798",2009-11-16,"ATM2",61
"799",2009-11-16,"ATM3",0
"800",2009-11-16,"ATM4",414
"801",2009-11-17,"ATM1",87
"802",2009-11-17,"ATM2",77
"803",2009-11-17,"ATM3",0
"804",2009-11-17,"ATM4",195
"805",2009-11-18,"ATM1",75
"806",2009-11-18,"ATM2",20
"807",2009-11-18,"ATM3",0
"808",2009-11-18,"ATM4",346
"809",2009-11-19,"ATM1",10
"810",2009-11-19,"ATM2",5
"811",2009-11-19,"ATM3",0
"812",2009-11-19,"ATM4",33
"813",2009-11-20,"ATM1",92
"814",2009-11-20,"ATM2",132
"815",2009-11-20,"ATM3",0
"816",2009-11-20,"ATM4",656
"817",2009-11-21,"ATM1",87
"818",2009-11-21,"ATM2",49
"819",2009-11-21,"ATM3",0
"820",2009-11-21,"ATM4",639
"821",2009-11-22,"ATM1",74
"822",2009-11-22,"ATM2",57
"823",2009-11-22,"ATM3",0
"824",2009-11-22,"ATM4",16
"825",2009-11-23,"ATM1",73
"826",2009-11-23,"ATM2",68
"827",2009-11-23,"ATM3",0
"828",2009-11-23,"ATM4",300
"829",2009-11-24,"ATM1",93
"830",2009-11-24,"ATM2",80
"831",2009-11-24,"ATM3",0
"832",2009-11-24,"ATM4",627
"833",2009-11-25,"ATM1",66
"834",2009-11-25,"ATM2",31
"835",2009-11-25,"ATM3",0
"836",2009-11-25,"ATM4",602
"837",2009-11-26,"ATM1",18
"838",2009-11-26,"ATM2",3
"839",2009-11-26,"ATM3",0
"840",2009-11-26,"ATM4",65
"841",2009-11-27,"ATM1",99
"842",2009-11-27,"ATM2",85
"843",2009-11-27,"ATM3",0
"844",2009-11-27,"ATM4",563
"845",2009-11-28,"ATM1",94
"846",2009-11-28,"ATM2",53
"847",2009-11-28,"ATM3",0
"848",2009-11-28,"ATM4",318
"849",2009-11-29,"ATM1",136
"850",2009-11-29,"ATM2",46
"851",2009-11-29,"ATM3",0
"852",2009-11-29,"ATM4",1168
"853",2009-11-30,"ATM1",6
"854",2009-11-30,"ATM2",2
"855",2009-11-30,"ATM3",0
"856",2009-11-30,"ATM4",48
"857",2009-12-01,"ATM1",140
"858",2009-12-01,"ATM2",113
"859",2009-12-01,"ATM3",0
"860",2009-12-01,"ATM4",994
"861",2009-12-02,"ATM1",73
"862",2009-12-02,"ATM2",22
"863",2009-12-02,"ATM3",0
"864",2009-12-02,"ATM4",688
"865",2009-12-03,"ATM1",9
"866",2009-12-03,"ATM2",5
"867",2009-12-03,"ATM3",0
"868",2009-12-03,"ATM4",72
"869",2009-12-04,"ATM1",140
"870",2009-12-04,"ATM2",112
"871",2009-12-04,"ATM3",0
"872",2009-12-04,"ATM4",1047
"873",2009-12-05,"ATM1",103
"874",2009-12-05,"ATM2",59
"875",2009-12-05,"ATM3",0
"876",2009-12-05,"ATM4",1010
"877",2009-12-06,"ATM1",110
"878",2009-12-06,"ATM2",72
"879",2009-12-06,"ATM3",0
"880",2009-12-06,"ATM4",289
"881",2009-12-07,"ATM1",90
"882",2009-12-07,"ATM2",77
"883",2009-12-07,"ATM3",0
"884",2009-12-07,"ATM4",592
"885",2009-12-08,"ATM1",135
"886",2009-12-08,"ATM2",85
"887",2009-12-08,"ATM3",0
"888",2009-12-08,"ATM4",231
"889",2009-12-09,"ATM1",67
"890",2009-12-09,"ATM2",27
"891",2009-12-09,"ATM3",0
"892",2009-12-09,"ATM4",579
"893",2009-12-10,"ATM1",12
"894",2009-12-10,"ATM2",1
"895",2009-12-10,"ATM3",0
"896",2009-12-10,"ATM4",71
"897",2009-12-11,"ATM1",109
"898",2009-12-11,"ATM2",91
"899",2009-12-11,"ATM3",0
"900",2009-12-11,"ATM4",581
"901",2009-12-12,"ATM1",84
"902",2009-12-12,"ATM2",36
"903",2009-12-12,"ATM3",0
"904",2009-12-12,"ATM4",150
"905",2009-12-13,"ATM1",92
"906",2009-12-13,"ATM2",46
"907",2009-12-13,"ATM3",0
"908",2009-12-13,"ATM4",404
"909",2009-12-14,"ATM1",84
"910",2009-12-14,"ATM2",100
"911",2009-12-14,"ATM3",0
"912",2009-12-14,"ATM4",125
"913",2009-12-15,"ATM1",118
"914",2009-12-15,"ATM2",73
"915",2009-12-15,"ATM3",0
"916",2009-12-15,"ATM4",231
"917",2009-12-16,"ATM1",68
"918",2009-12-16,"ATM2",22
"919",2009-12-16,"ATM3",0
"920",2009-12-16,"ATM4",20
"921",2009-12-17,"ATM1",14
"922",2009-12-17,"ATM2",9
"923",2009-12-17,"ATM3",0
"924",2009-12-17,"ATM4",129
"925",2009-12-18,"ATM1",90
"926",2009-12-18,"ATM2",117
"927",2009-12-18,"ATM3",0
"928",2009-12-18,"ATM4",328
"929",2009-12-19,"ATM1",92
"930",2009-12-19,"ATM2",44
"931",2009-12-19,"ATM3",0
"932",2009-12-19,"ATM4",533
"933",2009-12-20,"ATM1",93
"934",2009-12-20,"ATM2",44
"935",2009-12-20,"ATM3",0
"936",2009-12-20,"ATM4",878
"937",2009-12-21,"ATM1",85
"938",2009-12-21,"ATM2",78
"939",2009-12-21,"ATM3",0
"940",2009-12-21,"ATM4",663
"941",2009-12-22,"ATM1",93
"942",2009-12-22,"ATM2",89
"943",2009-12-22,"ATM3",0
"944",2009-12-22,"ATM4",301
"945",2009-12-23,"ATM1",70
"946",2009-12-23,"ATM2",33
"947",2009-12-23,"ATM3",0
"948",2009-12-23,"ATM4",668
"949",2009-12-24,"ATM1",13
"950",2009-12-24,"ATM2",5
"951",2009-12-24,"ATM3",0
"952",2009-12-24,"ATM4",15
"953",2009-12-25,"ATM1",90
"954",2009-12-25,"ATM2",102
"955",2009-12-25,"ATM3",0
"956",2009-12-25,"ATM4",661
"957",2009-12-26,"ATM1",91
"958",2009-12-26,"ATM2",68
"959",2009-12-26,"ATM3",0
"960",2009-12-26,"ATM4",511
"961",2009-12-27,"ATM1",102
"962",2009-12-27,"ATM2",64
"963",2009-12-27,"ATM3",0
"964",2009-12-27,"ATM4",165
"965",2009-12-28,"ATM1",97
"966",2009-12-28,"ATM2",81
"967",2009-12-28,"ATM3",0
"968",2009-12-28,"ATM4",749
"969",2009-12-29,"ATM1",42
"970",2009-12-29,"ATM2",9
"971",2009-12-29,"ATM3",0
"972",2009-12-29,"ATM4",175
"973",2009-12-30,"ATM1",2
"974",2009-12-30,"ATM2",2
"975",2009-12-30,"ATM3",0
"976",2009-12-30,"ATM4",21
"977",2009-12-31,"ATM1",14
"978",2009-12-31,"ATM2",2
"979",2009-12-31,"ATM3",0
"980",2009-12-31,"ATM4",101
"981",2010-01-01,"ATM1",132
"982",2010-01-01,"ATM2",117
"983",2010-01-01,"ATM3",0
"984",2010-01-01,"ATM4",986
"985",2010-01-02,"ATM1",108
"986",2010-01-02,"ATM2",56
"987",2010-01-02,"ATM3",0
"988",2010-01-02,"ATM4",598
"989",2010-01-03,"ATM1",120
"990",2010-01-03,"ATM2",55
"991",2010-01-03,"ATM3",0
"992",2010-01-03,"ATM4",469
"993",2010-01-04,"ATM1",120
"994",2010-01-04,"ATM2",112
"995",2010-01-04,"ATM3",0
"996",2010-01-04,"ATM4",857
"997",2010-01-05,"ATM1",90
"998",2010-01-05,"ATM2",100
"999",2010-01-05,"ATM3",0
"1000",2010-01-05,"ATM4",685
"1001",2010-01-06,"ATM1",48
"1002",2010-01-06,"ATM2",17
"1003",2010-01-06,"ATM3",0
"1004",2010-01-06,"ATM4",382
"1005",2010-01-07,"ATM1",15
"1006",2010-01-07,"ATM2",7
"1007",2010-01-07,"ATM3",0
"1008",2010-01-07,"ATM4",153
"1009",2010-01-08,"ATM1",86
"1010",2010-01-08,"ATM2",49
"1011",2010-01-08,"ATM3",0
"1012",2010-01-08,"ATM4",272
"1013",2010-01-09,"ATM1",109
"1014",2010-01-09,"ATM2",96
"1015",2010-01-09,"ATM3",0
"1016",2010-01-09,"ATM4",136
"1017",2010-01-10,"ATM1",115
"1018",2010-01-10,"ATM2",47
"1019",2010-01-10,"ATM3",0
"1020",2010-01-10,"ATM4",1106
"1021",2010-01-11,"ATM1",123
"1022",2010-01-11,"ATM2",107
"1023",2010-01-11,"ATM3",0
"1024",2010-01-11,"ATM4",292
"1025",2010-01-12,"ATM1",123
"1026",2010-01-12,"ATM2",93
"1027",2010-01-12,"ATM3",0
"1028",2010-01-12,"ATM4",1142
"1029",2010-01-13,"ATM1",60
"1030",2010-01-13,"ATM2",27
"1031",2010-01-13,"ATM3",0
"1032",2010-01-13,"ATM4",141
"1033",2010-01-14,"ATM1",22
"1034",2010-01-14,"ATM2",9
"1035",2010-01-14,"ATM3",0
"1036",2010-01-14,"ATM4",9
"1037",2010-01-15,"ATM1",81
"1038",2010-01-15,"ATM2",78
"1039",2010-01-15,"ATM3",0
"1040",2010-01-15,"ATM4",86
"1041",2010-01-16,"ATM1",98
"1042",2010-01-16,"ATM2",47
"1043",2010-01-16,"ATM3",0
"1044",2010-01-16,"ATM4",67
"1045",2010-01-17,"ATM1",94
"1046",2010-01-17,"ATM2",31
"1047",2010-01-17,"ATM3",0
"1048",2010-01-17,"ATM4",710
"1049",2010-01-18,"ATM1",76
"1050",2010-01-18,"ATM2",91
"1051",2010-01-18,"ATM3",0
"1052",2010-01-18,"ATM4",568
"1053",2010-01-19,"ATM1",96
"1054",2010-01-19,"ATM2",77
"1055",2010-01-19,"ATM3",0
"1056",2010-01-19,"ATM4",487
"1057",2010-01-20,"ATM1",72
"1058",2010-01-20,"ATM2",22
"1059",2010-01-20,"ATM3",0
"1060",2010-01-20,"ATM4",18
"1061",2010-01-21,"ATM1",12
"1062",2010-01-21,"ATM2",1
"1063",2010-01-21,"ATM3",0
"1064",2010-01-21,"ATM4",50
"1065",2010-01-22,"ATM1",91
"1066",2010-01-22,"ATM2",125
"1067",2010-01-22,"ATM3",0
"1068",2010-01-22,"ATM4",358
"1069",2010-01-23,"ATM1",74
"1070",2010-01-23,"ATM2",53
"1071",2010-01-23,"ATM3",0
"1072",2010-01-23,"ATM4",180
"1073",2010-01-24,"ATM1",104
"1074",2010-01-24,"ATM2",37
"1075",2010-01-24,"ATM3",0
"1076",2010-01-24,"ATM4",729
"1077",2010-01-25,"ATM1",74
"1078",2010-01-25,"ATM2",69
"1079",2010-01-25,"ATM3",0
"1080",2010-01-25,"ATM4",262
"1081",2010-01-26,"ATM1",91
"1082",2010-01-26,"ATM2",69
"1083",2010-01-26,"ATM3",0
"1084",2010-01-26,"ATM4",629
"1085",2010-01-27,"ATM1",66
"1086",2010-01-27,"ATM2",16
"1087",2010-01-27,"ATM3",0
"1088",2010-01-27,"ATM4",278
"1089",2010-01-28,"ATM1",28
"1090",2010-01-28,"ATM2",2
"1091",2010-01-28,"ATM3",0
"1092",2010-01-28,"ATM4",42
"1093",2010-01-29,"ATM1",152
"1094",2010-01-29,"ATM2",95
"1095",2010-01-29,"ATM3",0
"1096",2010-01-29,"ATM4",1575
"1097",2010-01-30,"ATM1",97
"1098",2010-01-30,"ATM2",45
"1099",2010-01-30,"ATM3",0
"1100",2010-01-30,"ATM4",670
"1101",2010-01-31,"ATM1",100
"1102",2010-01-31,"ATM2",61
"1103",2010-01-31,"ATM3",0
"1104",2010-01-31,"ATM4",980
"1105",2010-02-01,"ATM1",85
"1106",2010-02-01,"ATM2",71
"1107",2010-02-01,"ATM3",0
"1108",2010-02-01,"ATM4",427
"1109",2010-02-02,"ATM1",123
"1110",2010-02-02,"ATM2",91
"1111",2010-02-02,"ATM3",0
"1112",2010-02-02,"ATM4",154
"1113",2010-02-03,"ATM1",46
"1114",2010-02-03,"ATM2",28
"1115",2010-02-03,"ATM3",0
"1116",2010-02-03,"ATM4",275
"1117",2010-02-04,"ATM1",38
"1118",2010-02-04,"ATM2",9
"1119",2010-02-04,"ATM3",0
"1120",2010-02-04,"ATM4",137
"1121",2010-02-05,"ATM1",138
"1122",2010-02-05,"ATM2",97
"1123",2010-02-05,"ATM3",0
"1124",2010-02-05,"ATM4",455
"1125",2010-02-06,"ATM1",74
"1126",2010-02-06,"ATM2",60
"1127",2010-02-06,"ATM3",0
"1128",2010-02-06,"ATM4",459
"1129",2010-02-07,"ATM1",85
"1130",2010-02-07,"ATM2",27
"1131",2010-02-07,"ATM3",0
"1132",2010-02-07,"ATM4",113
"1133",2010-02-08,"ATM1",78
"1134",2010-02-08,"ATM2",74
"1135",2010-02-08,"ATM3",0
"1136",2010-02-08,"ATM4",418
"1137",2010-02-09,"ATM1",123
"1138",2010-02-09,"ATM2",45
"1139",2010-02-09,"ATM3",0
"1140",2010-02-09,"ATM4",10920
"1141",2010-02-10,"ATM1",50
"1142",2010-02-10,"ATM2",26
"1143",2010-02-10,"ATM3",0
"1144",2010-02-10,"ATM4",43
"1145",2010-02-11,"ATM1",28
"1146",2010-02-11,"ATM2",2
"1147",2010-02-11,"ATM3",0
"1148",2010-02-11,"ATM4",281
"1149",2010-02-12,"ATM1",105
"1150",2010-02-12,"ATM2",73
"1151",2010-02-12,"ATM3",0
"1152",2010-02-12,"ATM4",413
"1153",2010-02-13,"ATM1",109
"1154",2010-02-13,"ATM2",48
"1155",2010-02-13,"ATM3",0
"1156",2010-02-13,"ATM4",853
"1157",2010-02-14,"ATM1",26
"1158",2010-02-14,"ATM2",9
"1159",2010-02-14,"ATM3",0
"1160",2010-02-14,"ATM4",180
"1161",2010-02-15,"ATM1",54
"1162",2010-02-15,"ATM2",25
"1163",2010-02-15,"ATM3",0
"1164",2010-02-15,"ATM4",227
"1165",2010-02-16,"ATM1",105
"1166",2010-02-16,"ATM2",58
"1167",2010-02-16,"ATM3",0
"1168",2010-02-16,"ATM4",990
"1169",2010-02-17,"ATM1",179
"1170",2010-02-17,"ATM2",110
"1171",2010-02-17,"ATM3",0
"1172",2010-02-17,"ATM4",825
"1173",2010-02-18,"ATM1",125
"1174",2010-02-18,"ATM2",94
"1175",2010-02-18,"ATM3",0
"1176",2010-02-18,"ATM4",967
"1177",2010-02-19,"ATM1",84
"1178",2010-02-19,"ATM2",25
"1179",2010-02-19,"ATM3",0
"1180",2010-02-19,"ATM4",735
"1181",2010-02-20,"ATM1",99
"1182",2010-02-20,"ATM2",101
"1183",2010-02-20,"ATM3",0
"1184",2010-02-20,"ATM4",122
"1185",2010-02-21,"ATM1",110
"1186",2010-02-21,"ATM2",77
"1187",2010-02-21,"ATM3",0
"1188",2010-02-21,"ATM4",288
"1189",2010-02-22,"ATM1",80
"1190",2010-02-22,"ATM2",6
"1191",2010-02-22,"ATM3",0
"1192",2010-02-22,"ATM4",503
"1193",2010-02-23,"ATM1",1
"1194",2010-02-23,"ATM2",3
"1195",2010-02-23,"ATM3",0
"1196",2010-02-23,"ATM4",10
"1197",2010-02-24,"ATM1",111
"1198",2010-02-24,"ATM2",99
"1199",2010-02-24,"ATM3",0
"1200",2010-02-24,"ATM4",259
"1201",2010-02-25,"ATM1",115
"1202",2010-02-25,"ATM2",86
"1203",2010-02-25,"ATM3",0
"1204",2010-02-25,"ATM4",1171
"1205",2010-02-26,"ATM1",108
"1206",2010-02-26,"ATM2",20
"1207",2010-02-26,"ATM3",0
"1208",2010-02-26,"ATM4",194
"1209",2010-02-27,"ATM1",100
"1210",2010-02-27,"ATM2",72
"1211",2010-02-27,"ATM3",0
"1212",2010-02-27,"ATM4",403
"1213",2010-02-28,"ATM1",152
"1214",2010-02-28,"ATM2",81
"1215",2010-02-28,"ATM3",0
"1216",2010-02-28,"ATM4",1276
"1217",2010-03-01,"ATM1",90
"1218",2010-03-01,"ATM2",16
"1219",2010-03-01,"ATM3",0
"1220",2010-03-01,"ATM4",820
"1221",2010-03-02,"ATM1",4
"1222",2010-03-02,"ATM2",2
"1223",2010-03-02,"ATM3",0
"1224",2010-03-02,"ATM4",27
"1225",2010-03-03,"ATM1",128
"1226",2010-03-03,"ATM2",110
"1227",2010-03-03,"ATM3",0
"1228",2010-03-03,"ATM4",894
"1229",2010-03-04,"ATM1",87
"1230",2010-03-04,"ATM2",75
"1231",2010-03-04,"ATM3",0
"1232",2010-03-04,"ATM4",361
"1233",2010-03-05,"ATM1",84
"1234",2010-03-05,"ATM2",35
"1235",2010-03-05,"ATM3",0
"1236",2010-03-05,"ATM4",860
"1237",2010-03-06,"ATM1",69
"1238",2010-03-06,"ATM2",102
"1239",2010-03-06,"ATM3",0
"1240",2010-03-06,"ATM4",382
"1241",2010-03-07,"ATM1",112
"1242",2010-03-07,"ATM2",100
"1243",2010-03-07,"ATM3",0
"1244",2010-03-07,"ATM4",10
"1245",2010-03-08,"ATM1",62
"1246",2010-03-08,"ATM2",9
"1247",2010-03-08,"ATM3",0
"1248",2010-03-08,"ATM4",602
"1249",2010-03-09,"ATM1",4
"1250",2010-03-09,"ATM2",2
"1251",2010-03-09,"ATM3",0
"1252",2010-03-09,"ATM4",33
"1253",2010-03-10,"ATM1",94
"1254",2010-03-10,"ATM2",100
"1255",2010-03-10,"ATM3",0
"1256",2010-03-10,"ATM4",554
"1257",2010-03-11,"ATM1",102
"1258",2010-03-11,"ATM2",85
"1259",2010-03-11,"ATM3",0
"1260",2010-03-11,"ATM4",573
"1261",2010-03-12,"ATM1",98
"1262",2010-03-12,"ATM2",33
"1263",2010-03-12,"ATM3",0
"1264",2010-03-12,"ATM4",219
"1265",2010-03-13,"ATM1",88
"1266",2010-03-13,"ATM2",24
"1267",2010-03-13,"ATM3",0
"1268",2010-03-13,"ATM4",829
"1269",2010-03-14,"ATM1",123
"1270",2010-03-14,"ATM2",111
"1271",2010-03-14,"ATM3",0
"1272",2010-03-14,"ATM4",631
"1273",2010-03-15,"ATM1",55
"1274",2010-03-15,"ATM2",5
"1275",2010-03-15,"ATM3",0
"1276",2010-03-15,"ATM4",340
"1277",2010-03-16,"ATM1",4
"1278",2010-03-16,"ATM2",1
"1279",2010-03-16,"ATM3",0
"1280",2010-03-16,"ATM4",32
"1281",2010-03-17,"ATM1",92
"1282",2010-03-17,"ATM2",106
"1283",2010-03-17,"ATM3",0
"1284",2010-03-17,"ATM4",487
"1285",2010-03-18,"ATM1",88
"1286",2010-03-18,"ATM2",102
"1287",2010-03-18,"ATM3",0
"1288",2010-03-18,"ATM4",336
"1289",2010-03-19,"ATM1",92
"1290",2010-03-19,"ATM2",25
"1291",2010-03-19,"ATM3",0
"1292",2010-03-19,"ATM4",341
"1293",2010-03-20,"ATM1",92
"1294",2010-03-20,"ATM2",64
"1295",2010-03-20,"ATM3",0
"1296",2010-03-20,"ATM4",292
"1297",2010-03-21,"ATM1",117
"1298",2010-03-21,"ATM2",78
"1299",2010-03-21,"ATM3",0
"1300",2010-03-21,"ATM4",47
"1301",2010-03-22,"ATM1",73
"1302",2010-03-22,"ATM2",5
"1303",2010-03-22,"ATM3",0
"1304",2010-03-22,"ATM4",202
"1305",2010-03-23,"ATM1",3
"1306",2010-03-23,"ATM2",1
"1307",2010-03-23,"ATM3",0
"1308",2010-03-23,"ATM4",10
"1309",2010-03-24,"ATM1",85
"1310",2010-03-24,"ATM2",83
"1311",2010-03-24,"ATM3",0
"1312",2010-03-24,"ATM4",878
"1313",2010-03-25,"ATM1",88
"1314",2010-03-25,"ATM2",78
"1315",2010-03-25,"ATM3",0
"1316",2010-03-25,"ATM4",779
"1317",2010-03-26,"ATM1",76
"1318",2010-03-26,"ATM2",66
"1319",2010-03-26,"ATM3",0
"1320",2010-03-26,"ATM4",708
"1321",2010-03-27,"ATM1",93
"1322",2010-03-27,"ATM2",15
"1323",2010-03-27,"ATM3",0
"1324",2010-03-27,"ATM4",352
"1325",2010-03-28,"ATM1",116
"1326",2010-03-28,"ATM2",64
"1327",2010-03-28,"ATM3",0
"1328",2010-03-28,"ATM4",712
"1329",2010-03-29,"ATM1",68
"1330",2010-03-29,"ATM2",3
"1331",2010-03-29,"ATM3",0
"1332",2010-03-29,"ATM4",503
"1333",2010-03-30,"ATM1",19
"1334",2010-03-30,"ATM2",0
"1335",2010-03-30,"ATM3",0
"1336",2010-03-30,"ATM4",24
"1337",2010-03-31,"ATM1",127
"1338",2010-03-31,"ATM2",102
"1339",2010-03-31,"ATM3",0
"1340",2010-03-31,"ATM4",493
"1341",2010-04-01,"ATM1",93
"1342",2010-04-01,"ATM2",99
"1343",2010-04-01,"ATM3",0
"1344",2010-04-01,"ATM4",406
"1345",2010-04-02,"ATM1",97
"1346",2010-04-02,"ATM2",41
"1347",2010-04-02,"ATM3",0
"1348",2010-04-02,"ATM4",819
"1349",2010-04-03,"ATM1",102
"1350",2010-04-03,"ATM2",79
"1351",2010-04-03,"ATM3",0
"1352",2010-04-03,"ATM4",153
"1353",2010-04-04,"ATM1",109
"1354",2010-04-04,"ATM2",71
"1355",2010-04-04,"ATM3",0
"1356",2010-04-04,"ATM4",282
"1357",2010-04-05,"ATM1",68
"1358",2010-04-05,"ATM2",9
"1359",2010-04-05,"ATM3",0
"1360",2010-04-05,"ATM4",471
"1361",2010-04-06,"ATM1",4
"1362",2010-04-06,"ATM2",2
"1363",2010-04-06,"ATM3",0
"1364",2010-04-06,"ATM4",3
"1365",2010-04-07,"ATM1",105
"1366",2010-04-07,"ATM2",103
"1367",2010-04-07,"ATM3",0
"1368",2010-04-07,"ATM4",415
"1369",2010-04-08,"ATM1",79
"1370",2010-04-08,"ATM2",67
"1371",2010-04-08,"ATM3",0
"1372",2010-04-08,"ATM4",720
"1373",2010-04-09,"ATM1",90
"1374",2010-04-09,"ATM2",85
"1375",2010-04-09,"ATM3",0
"1376",2010-04-09,"ATM4",812
"1377",2010-04-10,"ATM1",87
"1378",2010-04-10,"ATM2",78
"1379",2010-04-10,"ATM3",0
"1380",2010-04-10,"ATM4",890
"1381",2010-04-11,"ATM1",92
"1382",2010-04-11,"ATM2",67
"1383",2010-04-11,"ATM3",0
"1384",2010-04-11,"ATM4",617
"1385",2010-04-12,"ATM1",63
"1386",2010-04-12,"ATM2",12
"1387",2010-04-12,"ATM3",0
"1388",2010-04-12,"ATM4",62
"1389",2010-04-13,"ATM1",3
"1390",2010-04-13,"ATM2",1
"1391",2010-04-13,"ATM3",0
"1392",2010-04-13,"ATM4",28
"1393",2010-04-14,"ATM1",103
"1394",2010-04-14,"ATM2",97
"1395",2010-04-14,"ATM3",0
"1396",2010-04-14,"ATM4",768
"1397",2010-04-15,"ATM1",80
"1398",2010-04-15,"ATM2",106
"1399",2010-04-15,"ATM3",0
"1400",2010-04-15,"ATM4",327
"1401",2010-04-16,"ATM1",80
"1402",2010-04-16,"ATM2",74
"1403",2010-04-16,"ATM3",0
"1404",2010-04-16,"ATM4",826
"1405",2010-04-17,"ATM1",84
"1406",2010-04-17,"ATM2",86
"1407",2010-04-17,"ATM3",0
"1408",2010-04-17,"ATM4",384
"1409",2010-04-18,"ATM1",81
"1410",2010-04-18,"ATM2",55
"1411",2010-04-18,"ATM3",0
"1412",2010-04-18,"ATM4",196
"1413",2010-04-19,"ATM1",88
"1414",2010-04-19,"ATM2",13
"1415",2010-04-19,"ATM3",0
"1416",2010-04-19,"ATM4",712
"1417",2010-04-20,"ATM1",3
"1418",2010-04-20,"ATM2",1
"1419",2010-04-20,"ATM3",0
"1420",2010-04-20,"ATM4",30
"1421",2010-04-21,"ATM1",100
"1422",2010-04-21,"ATM2",100
"1423",2010-04-21,"ATM3",0
"1424",2010-04-21,"ATM4",557
"1425",2010-04-22,"ATM1",69
"1426",2010-04-22,"ATM2",103
"1427",2010-04-22,"ATM3",0
"1428",2010-04-22,"ATM4",387
"1429",2010-04-23,"ATM1",85
"1430",2010-04-23,"ATM2",44
"1431",2010-04-23,"ATM3",0
"1432",2010-04-23,"ATM4",166
"1433",2010-04-24,"ATM1",85
"1434",2010-04-24,"ATM2",61
"1435",2010-04-24,"ATM3",0
"1436",2010-04-24,"ATM4",6
"1437",2010-04-25,"ATM1",109
"1438",2010-04-25,"ATM2",89
"1439",2010-04-25,"ATM3",0
"1440",2010-04-25,"ATM4",543
"1441",2010-04-26,"ATM1",74
"1442",2010-04-26,"ATM2",11
"1443",2010-04-26,"ATM3",0
"1444",2010-04-26,"ATM4",404
"1445",2010-04-27,"ATM1",4
"1446",2010-04-27,"ATM2",2
"1447",2010-04-27,"ATM3",0
"1448",2010-04-27,"ATM4",14
"1449",2010-04-28,"ATM1",96
"1450",2010-04-28,"ATM2",107
"1451",2010-04-28,"ATM3",96
"1452",2010-04-28,"ATM4",349
"1453",2010-04-29,"ATM1",82
"1454",2010-04-29,"ATM2",89
"1455",2010-04-29,"ATM3",82
"1456",2010-04-29,"ATM4",45
"1457",2010-04-30,"ATM1",85
"1458",2010-04-30,"ATM2",90
"1459",2010-04-30,"ATM3",85
"1460",2010-04-30,"ATM4",483
"1461",2010-05-01,"ATM1",88
"1462",2010-05-02,"ATM1",104
"1463",2010-05-03,"ATM1",74
"1464",2010-05-04,"ATM1",9
"1465",2010-05-05,"ATM1",101
"1466",2010-05-06,"ATM1",81
"1467",2010-05-07,"ATM1",87
"1468",2010-05-08,"ATM1",89
"1469",2010-05-09,"ATM1",103
"1470",2010-05-10,"ATM1",74
"1471",2010-05-11,"ATM1",9
"1472",2010-05-12,"ATM1",101
"1473",2010-05-13,"ATM1",81
"1474",2010-05-14,"ATM1",87
"1475",2010-05-01,"ATM2",67
"1476",2010-05-02,"ATM2",73
"1477",2010-05-03,"ATM2",14
"1478",2010-05-04,"ATM2",6
"1479",2010-05-05,"ATM2",98
"1480",2010-05-06,"ATM2",89
"1481",2010-05-07,"ATM2",65
"1482",2010-05-08,"ATM2",67
"1483",2010-05-09,"ATM2",73
"1484",2010-05-10,"ATM2",14
"1485",2010-05-11,"ATM2",6
"1486",2010-05-12,"ATM2",98
"1487",2010-05-13,"ATM2",89
"1488",2010-05-14,"ATM2",65
"1489",2010-05-01,"ATM3",88
"1490",2010-05-02,"ATM3",95
"1491",2010-05-03,"ATM3",74
"1492",2010-05-04,"ATM3",8
"1493",2010-05-05,"ATM3",102
"1494",2010-05-06,"ATM3",78
"1495",2010-05-07,"ATM3",87
"1496",2010-05-08,"ATM3",88
"1497",2010-05-09,"ATM3",95
"1498",2010-05-10,"ATM3",74
"1499",2010-05-11,"ATM3",8
"1500",2010-05-12,"ATM3",102
"1501",2010-05-13,"ATM3",78
"1502",2010-05-14,"ATM3",87
"1503",2010-05-01,"ATM4",363
"1504",2010-05-02,"ATM4",433
"1505",2010-05-03,"ATM4",451
"1506",2010-05-04,"ATM4",366
"1507",2010-05-05,"ATM4",428
"1508",2010-05-06,"ATM4",372
"1509",2010-05-07,"ATM4",452
"1510",2010-05-08,"ATM4",430
"1511",2010-05-09,"ATM4",443
"1512",2010-05-10,"ATM4",446
"1513",2010-05-11,"ATM4",431
"1514",2010-05-12,"ATM4",442
"1515",2010-05-13,"ATM4",432
"1516",2010-05-14,"ATM4",447
