"","Date Time","WaterFlow"
"1",2015-10-23 05:00:00,104.411184021714
"2",2015-10-23 06:00:00,78.0789569237788
"3",2015-10-23 07:00:00,30.317140313311
"4",2015-10-23 08:00:00,76.6909925074942
"5",2015-10-23 09:00:00,49.468011984034
"6",2015-10-23 10:00:00,204.528547639459
"7",2015-10-23 11:00:00,96.4785418103803
"8",2015-10-23 12:00:00,45.8221431006129
"9",2015-10-23 13:00:00,62.3750962884553
"10",2015-10-23 14:00:00,59.7150245941137
"11",2015-10-23 15:00:00,86.2055693461901
"12",2015-10-23 16:00:00,66.2635142320761
"13",2015-10-23 17:00:00,58.359944378303
"14",2015-10-23 18:00:00,61.4308097314177
"15",2015-10-23 19:00:00,150.298755148144
"16",2015-10-23 20:00:00,62.8554135666742
"17",2015-10-23 21:00:00,133.537845211437
"18",2015-10-23 22:00:00,40.5183884147848
"19",2015-10-23 23:00:00,60.0658716706555
"20",2015-10-24 00:00:00,50.6080722583858
"21",2015-10-24 01:00:00,166.179289540853
"22",2015-10-24 02:00:00,32.0871868764101
"23",2015-10-24 03:00:00,64.2884749800527
"24",2015-10-24 04:00:00,61.6696741999697
"25",2015-10-24 05:00:00,64.9913123316419
"26",2015-10-24 06:00:00,120.180779888931
"27",2015-10-24 07:00:00,85.2917245914212
"28",2015-10-24 08:00:00,69.3530422472435
"29",2015-10-24 09:00:00,133.274810355324
"30",2015-10-24 10:00:00,40.5140337272048
"31",2015-10-24 11:00:00,49.0122980606022
"32",2015-10-24 12:00:00,108.777614411012
"33",2015-10-24 13:00:00,130.654474685728
"34",2015-10-24 14:00:00,73.9285913360912
"35",2015-10-24 15:00:00,66.6128086727526
"36",2015-10-24 16:00:00,13.5736406844852
"37",2015-10-24 17:00:00,55.6874025582472
"38",2015-10-24 18:00:00,102.709320993299
"39",2015-10-24 19:00:00,11.8447613282151
"40",2015-10-24 20:00:00,40.5355543762083
"41",2015-10-24 21:00:00,121.527043981384
"42",2015-10-24 22:00:00,91.8278254314164
"43",2015-10-24 23:00:00,71.6467346763109
"44",2015-10-25 00:00:00,85.1620826212583
"45",2015-10-25 01:00:00,112.443279865048
"46",2015-10-25 02:00:00,57.4741323084111
"47",2015-10-25 03:00:00,103.267847978402
"48",2015-10-25 04:00:00,27.8847596562489
"49",2015-10-25 05:00:00,119.172017546194
"50",2015-10-25 06:00:00,122.59694770013
"51",2015-10-25 07:00:00,69.9683109518636
"52",2015-10-25 08:00:00,45.4267473198816
"53",2015-10-25 09:00:00,65.3835006885219
"54",2015-10-25 10:00:00,95.9801803893947
"55",2015-10-25 11:00:00,71.8323244367482
"56",2015-10-25 12:00:00,73.6766873451502
"57",2015-10-25 13:00:00,77.5608595519667
"58",2015-10-25 14:00:00,37.8473412138522
"59",2015-10-25 15:00:00,70.0056771284354
"60",2015-10-25 16:00:00,71.5592178434756
"61",2015-10-25 17:00:00,63.7675232161952
"62",2015-10-25 18:00:00,107.79626767276
"63",2015-10-25 19:00:00,184.229408968007
"64",2015-10-25 20:00:00,60.4580236128215
"65",2015-10-25 21:00:00,71.6602060576516
"66",2015-10-25 22:00:00,29.9743563066331
"67",2015-10-25 23:00:00,81.794055855132
"68",2015-10-26 00:00:00,72.2415986985601
"69",2015-10-26 01:00:00,24.4406595628038
"70",2015-10-26 02:00:00,68.7979307993427
"71",2015-10-26 03:00:00,58.3869509738362
"72",2015-10-26 04:00:00,39.5042940498632
"73",2015-10-26 05:00:00,86.3705281408014
"74",2015-10-26 06:00:00,128.9549403224
"75",2015-10-26 07:00:00,120.846470748982
"76",2015-10-26 08:00:00,80.4653820626239
"77",2015-10-26 09:00:00,104.623701303738
"78",2015-10-26 10:00:00,29.4636205511204
"79",2015-10-26 11:00:00,105.061211688539
"80",2015-10-26 12:00:00,88.0141849448931
"81",2015-10-26 13:00:00,105.249826138017
"82",2015-10-26 14:00:00,71.9756943210651
"83",2015-10-26 15:00:00,95.1756686065028
"84",2015-10-26 16:00:00,33.9674324389695
"85",2015-10-26 17:00:00,32.8973110002798
"86",2015-10-26 18:00:00,66.4910911637092
"87",2015-10-26 19:00:00,92.4794397134112
"88",2015-10-26 20:00:00,61.9041388863007
"89",2015-10-26 21:00:00,74.4089598789633
"90",2015-10-26 22:00:00,19.7795957984708
"91",2015-10-26 23:00:00,103.516323011782
"92",2015-10-27 00:00:00,142.062769162159
"93",2015-10-27 01:00:00,12.0994135776768
"94",2015-10-27 02:00:00,35.3239909431614
"95",2015-10-27 03:00:00,79.7309048134493
"96",2015-10-27 04:00:00,87.9331649813424
"97",2015-10-27 05:00:00,71.919372334679
"98",2015-10-27 06:00:00,63.5875766421407
"99",2015-10-27 07:00:00,69.9388286866249
"100",2015-10-27 08:00:00,91.1519531244022
"101",2015-10-27 09:00:00,86.3480977199917
"102",2015-10-27 10:00:00,109.203693746735
"103",2015-10-27 11:00:00,63.4993583557408
"104",2015-10-27 12:00:00,114.691208358273
"105",2015-10-27 13:00:00,68.4988732554037
"106",2015-10-27 14:00:00,34.506423987004
"107",2015-10-27 15:00:00,40.6705241030988
"108",2015-10-27 16:00:00,23.7060725572594
"109",2015-10-27 17:00:00,62.3801646811487
"110",2015-10-27 18:00:00,101.63279979899
"111",2015-10-27 19:00:00,42.4254189926017
"112",2015-10-27 20:00:00,63.5791399768679
"113",2015-10-27 21:00:00,81.7070948682274
"114",2015-10-27 22:00:00,91.7406469743139
"115",2015-10-27 23:00:00,65.8100779884758
"116",2015-10-28 00:00:00,53.1146832484511
"117",2015-10-28 01:00:00,212.008890342319
"118",2015-10-28 02:00:00,63.1264951851928
"119",2015-10-28 03:00:00,39.6442986604596
"120",2015-10-28 04:00:00,53.8064200401053
"121",2015-10-28 05:00:00,54.7536570085496
"122",2015-10-28 06:00:00,96.8429007901096
"123",2015-10-28 07:00:00,99.093218521645
"124",2015-10-28 08:00:00,42.3409957853074
"125",2015-10-28 09:00:00,116.589184561782
"126",2015-10-28 10:00:00,131.098617605577
"127",2015-10-28 11:00:00,85.241473766754
"128",2015-10-28 12:00:00,47.31056444412
"129",2015-10-28 13:00:00,59.2765779041262
"130",2015-10-28 14:00:00,36.8354086536028
"131",2015-10-28 15:00:00,71.9981784559066
"132",2015-10-28 16:00:00,73.784037247134
"133",2015-10-28 17:00:00,63.7881980054066
"134",2015-10-28 18:00:00,108.04877050414
"135",2015-10-28 19:00:00,97.7567817686715
"136",2015-10-28 20:00:00,65.4348503993648
"137",2015-10-28 21:00:00,79.2890172868811
"138",2015-10-28 22:00:00,68.7686443726228
"139",2015-10-28 23:00:00,92.781569094599
"140",2015-10-29 00:00:00,88.512331104627
"141",2015-10-29 01:00:00,26.8589541888848
"142",2015-10-29 02:00:00,55.5260831116313
"143",2015-10-29 03:00:00,98.1884798947819
"144",2015-10-29 04:00:00,143.146745202818
"145",2015-10-29 05:00:00,68.232798180444
"146",2015-10-29 06:00:00,94.2982951530046
"147",2015-10-29 07:00:00,10.860817992673
"148",2015-10-29 08:00:00,44.8693292047331
"149",2015-10-29 09:00:00,67.4669348284088
"150",2015-10-29 10:00:00,68.7016285674825
"151",2015-10-29 11:00:00,36.3126762940444
"152",2015-10-29 12:00:00,77.668599133301
"153",2015-10-29 13:00:00,79.2996343879351
"154",2015-10-29 14:00:00,59.8193051082273
"155",2015-10-29 15:00:00,53.7570642211243
"156",2015-10-29 16:00:00,133.799614102099
"157",2015-10-29 17:00:00,80.7862837225358
"158",2015-10-29 18:00:00,36.5429265825771
"159",2015-10-29 19:00:00,140.977267447425
"160",2015-10-29 20:00:00,68.3717678308488
"161",2015-10-29 21:00:00,81.1248141367032
"162",2015-10-29 22:00:00,73.9056693958034
"163",2015-10-29 23:00:00,70.6184954813552
"164",2015-10-30 00:00:00,91.0650700985132
"165",2015-10-30 01:00:00,64.5156729052925
"166",2015-10-30 02:00:00,60.0174299867272
"167",2015-10-30 03:00:00,48.6535228535298
"168",2015-10-30 04:00:00,60.8294578690566
"169",2015-10-30 05:00:00,86.251300858036
"170",2015-10-30 06:00:00,52.6897088152474
"171",2015-10-30 07:00:00,123.512659118779
"172",2015-10-30 08:00:00,71.1464344558524
"173",2015-10-30 09:00:00,85.3730650975884
"174",2015-10-30 10:00:00,43.1587974114799
"175",2015-10-30 11:00:00,39.9299762742817
"176",2015-10-30 12:00:00,101.249988384661
"177",2015-10-30 13:00:00,108.692820472126
"178",2015-10-30 14:00:00,111.989089580752
"179",2015-10-30 15:00:00,100.63280041506
"180",2015-10-30 16:00:00,193.050085217346
"181",2015-10-30 17:00:00,66.6877526084235
"182",2015-10-30 18:00:00,52.6530034027553
"183",2015-10-30 19:00:00,137.071929374297
"184",2015-10-30 20:00:00,50.3223501832223
"185",2015-10-30 21:00:00,85.1053146943225
"186",2015-10-30 22:00:00,94.2597761154552
"187",2015-10-30 23:00:00,73.9423546544742
"188",2015-10-31 00:00:00,92.4644674078933
"189",2015-10-31 01:00:00,103.404413596436
"190",2015-10-31 02:00:00,79.9534272616922
"191",2015-10-31 03:00:00,45.0819373279645
"192",2015-10-31 04:00:00,31.4268417336426
"193",2015-10-31 05:00:00,61.7256683514835
"194",2015-10-31 06:00:00,124.827391137522
"195",2015-10-31 07:00:00,66.0325171764772
"196",2015-10-31 08:00:00,57.8396477999027
"197",2015-10-31 09:00:00,55.3447560753227
"198",2015-10-31 10:00:00,40.6085878199572
"199",2015-10-31 11:00:00,92.2412145698923
"200",2015-10-31 12:00:00,72.5733974523556
"201",2015-10-31 13:00:00,34.6199999669101
"202",2015-10-31 14:00:00,39.6548844970135
"203",2015-10-31 15:00:00,73.3181616440618
"204",2015-10-31 16:00:00,102.516916559049
"205",2015-10-31 17:00:00,40.7426888975913
"206",2015-10-31 18:00:00,91.6062301474296
"207",2015-10-31 19:00:00,42.3537437804361
"208",2015-10-31 20:00:00,75.5831050707791
"209",2015-10-31 21:00:00,61.4585542278257
"210",2015-10-31 22:00:00,125.132146513198
"211",2015-10-31 23:00:00,55.6387692593482
"212",2015-11-01 00:00:00,109.605511183137
"213",2015-11-01 01:00:00,90.5932936167484
"214",2015-11-01 02:00:00,26.9855803967335
"215",2015-11-01 03:00:00,84.1199725448143
"216",2015-11-01 04:00:00,101.515733594465
"217",2015-11-01 05:00:00,47.1150972856131
"218",2015-11-01 06:00:00,89.3638286953445
"219",2015-11-01 07:00:00,79.3897237080343
"220",2015-11-01 08:00:00,43.0519950945953
"221",2015-11-01 09:00:00,52.230606921763
"222",2015-11-01 10:00:00,72.4932913537742
"223",2015-11-01 11:00:00,59.2021781785041
"224",2015-11-01 12:00:00,48.0047140132639
"225",2015-11-01 13:00:00,66.8416065822991
"226",2015-11-01 14:00:00,60.4708326608039
"227",2015-11-01 15:00:00,48.9738029627005
"228",2015-11-01 16:00:00,53.5836897206557
"229",2015-11-01 17:00:00,99.5114679534336
"230",2015-11-01 18:00:00,57.3134595023674
"231",2015-11-01 19:00:00,94.6904758357865
"232",2015-11-01 20:00:00,120.435910260795
"233",2015-11-01 21:00:00,60.9959314738652
"234",2015-11-01 22:00:00,82.4020518102564
"235",2015-11-01 23:00:00,26.1918392993074
"236",2015-11-02 00:00:00,50.697904149686
"237",2015-11-02 01:00:00,67.3365578537841
"238",2015-11-02 02:00:00,91.6230606697315
"239",2015-11-02 03:00:00,33.3676153450494
"240",2015-11-02 04:00:00,108.980739835353
"241",2015-11-02 05:00:00,60.2745159265277
"242",2015-11-02 06:00:00,18.7100740849768
"243",2015-11-02 07:00:00,140.321159440697
"244",2015-11-02 08:00:00,103.970407012718
"245",2015-11-02 09:00:00,32.1307002245958
"246",2015-11-02 10:00:00,89.8055978647786
"247",2015-11-02 11:00:00,88.4498634973723
"248",2015-11-02 12:00:00,49.4187877516248
"249",2015-11-02 13:00:00,39.8071722609967
"250",2015-11-02 14:00:00,20.6872029198764
"251",2015-11-02 15:00:00,36.0988410880796
"252",2015-11-02 16:00:00,106.384297834088
"253",2015-11-02 17:00:00,98.1420113670241
"254",2015-11-02 18:00:00,56.3553004293705
"255",2015-11-02 19:00:00,49.3988389702985
"256",2015-11-02 20:00:00,33.3675115128187
"257",2015-11-02 21:00:00,31.6500117677501
"258",2015-11-02 22:00:00,59.6777016076281
"259",2015-11-02 23:00:00,41.2107258957523
"260",2015-11-03 00:00:00,34.1393652101262
"261",2015-11-03 01:00:00,85.0593085540651
"262",2015-11-03 02:00:00,78.8245405814159
"263",2015-11-03 03:00:00,50.9328620365324
"264",2015-11-03 04:00:00,50.0901085965612
"265",2015-11-03 05:00:00,17.213985254907
"266",2015-11-03 06:00:00,28.2661189896148
"267",2015-11-03 07:00:00,122.134322198768
"268",2015-11-03 08:00:00,103.621866762226
"269",2015-11-03 09:00:00,45.2648998086883
"270",2015-11-03 10:00:00,52.1181663079393
"271",2015-11-03 11:00:00,49.2926209465236
"272",2015-11-03 12:00:00,59.3611311752797
"273",2015-11-03 13:00:00,99.3738768095055
"274",2015-11-03 14:00:00,66.2212209669885
"275",2015-11-03 15:00:00,28.786015849007
"276",2015-11-03 16:00:00,57.4414134223573
"277",2015-11-03 17:00:00,56.3815386652776
"278",2015-11-03 18:00:00,50.8596851504749
"279",2015-11-03 19:00:00,77.6563619639681
"280",2015-11-03 20:00:00,73.6340987662108
"281",2015-11-03 21:00:00,53.4909761821539
"282",2015-11-03 22:00:00,42.5862460675793
"283",2015-11-03 23:00:00,19.2105266509041
"284",2015-11-04 00:00:00,24.7225164721785
"285",2015-11-04 01:00:00,74.3866961090216
"286",2015-11-04 02:00:00,56.9658568994537
"287",2015-11-04 03:00:00,45.9702575334683
"288",2015-11-04 04:00:00,105.962127394406
"289",2015-11-04 05:00:00,95.4398197735163
"290",2015-11-04 06:00:00,48.3581818409476
"291",2015-11-04 07:00:00,35.9010051431066
"292",2015-11-04 08:00:00,41.8638112577244
"293",2015-11-04 09:00:00,49.9447278516841
"294",2015-11-04 10:00:00,48.5994248888228
"295",2015-11-04 11:00:00,34.3667736391448
"296",2015-11-04 12:00:00,51.754010468298
"297",2015-11-04 13:00:00,107.002892650313
"298",2015-11-04 14:00:00,70.6793666654394
"299",2015-11-04 15:00:00,28.4185812694856
"300",2015-11-04 16:00:00,64.8576395739333
"301",2015-11-04 17:00:00,55.5024168254609
"302",2015-11-04 18:00:00,50.2571813724285
"303",2015-11-04 19:00:00,98.5917893332905
"304",2015-11-04 20:00:00,72.7009926637671
"305",2015-11-04 21:00:00,48.9201103887564
"306",2015-11-04 22:00:00,98.6913228355173
"307",2015-11-04 23:00:00,78.9319662483068
"308",2015-11-05 00:00:00,55.6944534434138
"309",2015-11-05 01:00:00,97.9240951331091
"310",2015-11-05 02:00:00,72.743802603055
"311",2015-11-05 03:00:00,47.6585713638824
"312",2015-11-05 04:00:00,94.0921893333253
"313",2015-11-05 05:00:00,85.8815918020771
"314",2015-11-05 06:00:00,51.0851537726065
"315",2015-11-05 07:00:00,50.1867566750731
"316",2015-11-05 08:00:00,61.3140801338844
"317",2015-11-05 09:00:00,61.2600116092251
"318",2015-11-05 10:00:00,43.7563247416576
"319",2015-11-05 11:00:00,40.0185168865374
"320",2015-11-05 12:00:00,54.1307207015861
"321",2015-11-05 13:00:00,64.5039013413859
"322",2015-11-05 14:00:00,24.6909755550543
"323",2015-11-05 15:00:00,27.9009965116087
"324",2015-11-05 16:00:00,116.444367290368
"325",2015-11-05 17:00:00,78.4121925610701
"326",2015-11-05 18:00:00,31.9807287856759
"327",2015-11-05 19:00:00,97.5135352130283
"328",2015-11-05 20:00:00,76.300086385464
"329",2015-11-05 21:00:00,35.0838817945355
"330",2015-11-05 22:00:00,67.277307155808
"331",2015-11-05 23:00:00,57.0932455860683
"332",2015-11-06 00:00:00,32.8034609501689
"333",2015-11-06 01:00:00,41.632106145252
"334",2015-11-06 02:00:00,30.2019589031876
"335",2015-11-06 03:00:00,43.8794864014519
"336",2015-11-06 04:00:00,103.868072791391
"337",2015-11-06 05:00:00,74.5651654531663
"338",2015-11-06 06:00:00,51.1668430218388
"339",2015-11-06 07:00:00,114.332875832121
"340",2015-11-06 08:00:00,85.6431314474641
"341",2015-11-06 09:00:00,48.4029526422969
"342",2015-11-06 10:00:00,97.1583732117255
"343",2015-11-06 11:00:00,85.8708517643504
"344",2015-11-06 12:00:00,43.5349844677717
"345",2015-11-06 13:00:00,37.5063058305699
"346",2015-11-06 14:00:00,47.5997849471676
"347",2015-11-06 15:00:00,68.7711795631565
"348",2015-11-06 16:00:00,89.1828547141247
"349",2015-11-06 17:00:00,62.1009976452583
"350",2015-11-06 18:00:00,51.2116951090256
"351",2015-11-06 19:00:00,98.3653361913997
"352",2015-11-06 20:00:00,86.3564572575871
"353",2015-11-06 21:00:00,65.867424606686
"354",2015-11-06 22:00:00,93.0905402976535
"355",2015-11-06 23:00:00,71.6371917741216
"356",2015-11-07 00:00:00,42.7532440768675
"357",2015-11-07 01:00:00,55.4954448515144
"358",2015-11-07 02:00:00,39.2643019003615
"359",2015-11-07 03:00:00,30.7909495836267
"360",2015-11-07 04:00:00,68.0092264808641
"361",2015-11-07 05:00:00,76.1311381724799
"362",2015-11-07 06:00:00,60.419541027239
"363",2015-11-07 07:00:00,44.1877819578915
"364",2015-11-07 08:00:00,21.6158305345244
"365",2015-11-07 09:00:00,32.5180249493719
"366",2015-11-07 10:00:00,86.8399387138871
"367",2015-11-07 11:00:00,73.1673578081435
"368",2015-11-07 12:00:00,54.3492401296671
"369",2015-11-07 13:00:00,92.3645844175433
"370",2015-11-07 14:00:00,79.9570771727479
"371",2015-11-07 15:00:00,64.3910185216165
"372",2015-11-07 16:00:00,86.2223610137126
"373",2015-11-07 17:00:00,25.8137762080971
"374",2015-11-07 18:00:00,10.6977920929493
"375",2015-11-07 19:00:00,127.14753130802
"376",2015-11-07 20:00:00,109.741438873897
"377",2015-11-07 21:00:00,54.0430362679335
"378",2015-11-07 22:00:00,89.935352543604
"379",2015-11-07 23:00:00,73.941870196718
"380",2015-11-08 00:00:00,49.9902552967759
"381",2015-11-08 01:00:00,76.1020457133063
"382",2015-11-08 02:00:00,49.4364885831618
"383",2015-11-08 03:00:00,35.271871964498
"384",2015-11-08 04:00:00,86.8773128392974
"385",2015-11-08 05:00:00,59.6883890766781
"386",2015-11-08 06:00:00,31.2825426547863
"387",2015-11-08 07:00:00,80.0143829925091
"388",2015-11-08 08:00:00,63.9521043235133
"389",2015-11-08 09:00:00,34.7617240784441
"390",2015-11-08 10:00:00,64.1398668158281
"391",2015-11-08 11:00:00,71.7386472973798
"392",2015-11-08 12:00:00,63.250742152479
"393",2015-11-08 13:00:00,59.8461346919283
"394",2015-11-08 14:00:00,36.1297869906662
"395",2015-11-08 15:00:00,44.4937332263064
"396",2015-11-08 16:00:00,106.196029459435
"397",2015-11-08 17:00:00,85.7073822375042
"398",2015-11-08 18:00:00,45.072081457417
"399",2015-11-08 19:00:00,57.6134768394499
"400",2015-11-08 20:00:00,37.4683168232594
"401",2015-11-08 21:00:00,39.9227302863412
"402",2015-11-08 22:00:00,103.190592439473
"403",2015-11-08 23:00:00,78.4716057667009
"404",2015-11-09 00:00:00,48.7767098778954
"405",2015-11-09 01:00:00,94.7911572722943
"406",2015-11-09 02:00:00,67.1395982251654
"407",2015-11-09 03:00:00,45.3487020054086
"408",2015-11-09 04:00:00,102.564538213418
"409",2015-11-09 05:00:00,68.5098338495537
"410",2015-11-09 06:00:00,40.5916187401338
"411",2015-11-09 07:00:00,109.152771922753
"412",2015-11-09 08:00:00,78.511755363124
"413",2015-11-09 09:00:00,29.0121784741223
"414",2015-11-09 10:00:00,65.2944195410356
"415",2015-11-09 11:00:00,66.2737515841486
"416",2015-11-09 12:00:00,33.6385003380815
"417",2015-11-09 13:00:00,15.5721975879915
"418",2015-11-09 14:00:00,39.8327486372625
"419",2015-11-09 15:00:00,71.8647782264772
"420",2015-11-09 16:00:00,68.2996749903413
"421",2015-11-09 17:00:00,26.894239999354
"422",2015-11-09 18:00:00,13.2779698859097
"423",2015-11-09 19:00:00,63.6667314039879
"424",2015-11-09 20:00:00,74.0524573953205
"425",2015-11-09 21:00:00,51.1011630406598
"426",2015-11-09 22:00:00,32.6024931348916
"427",2015-11-09 23:00:00,27.3487433152686
"428",2015-11-10 00:00:00,44.2086316448328
"429",2015-11-10 01:00:00,72.235498437666
"430",2015-11-10 02:00:00,49.1309944948784
"431",2015-11-10 03:00:00,33.7237176608834
"432",2015-11-10 04:00:00,65.2175499980765
"433",2015-11-10 05:00:00,29.3928322730902
"434",2015-11-10 06:00:00,28.5659544859576
"435",2015-11-10 07:00:00,125.963706051426
"436",2015-11-10 08:00:00,79.7365191818237
"437",2015-11-10 09:00:00,33.6411442884697
"438",2015-11-10 10:00:00,122.950039212943
"439",2015-11-10 11:00:00,82.8173543777823
"440",2015-11-10 12:00:00,22.6900290738104
"441",2015-11-10 13:00:00,79.4591652201624
"442",2015-11-10 14:00:00,74.89512885106
"443",2015-11-10 15:00:00,55.9123659285489
"444",2015-11-10 16:00:00,89.9983580828926
"445",2015-11-10 17:00:00,62.7098612987389
"446",2015-11-10 18:00:00,38.9822495512158
"447",2015-11-10 19:00:00,81.9147677546159
"448",2015-11-10 20:00:00,65.6449679530712
"449",2015-11-10 21:00:00,35.4507642301335
"450",2015-11-10 22:00:00,47.3776096976813
"451",2015-11-10 23:00:00,18.230542949036
"452",2015-11-11 00:00:00,19.8630001062318
"453",2015-11-11 01:00:00,99.2942659556925
"454",2015-11-11 02:00:00,82.6857992767013
"455",2015-11-11 03:00:00,44.7140294875449
"456",2015-11-11 04:00:00,74.3085801956381
"457",2015-11-11 05:00:00,54.116649241611
"458",2015-11-11 06:00:00,42.7755271251871
"459",2015-11-11 07:00:00,92.9981510084322
"460",2015-11-11 08:00:00,61.7013190499575
"461",2015-11-11 09:00:00,21.7253698625865
"462",2015-11-11 10:00:00,53.8576787421027
"463",2015-11-11 11:00:00,42.2744813854686
"464",2015-11-11 12:00:00,24.9922056702606
"465",2015-11-11 13:00:00,48.0134244641015
"466",2015-11-11 14:00:00,23.3712895218416
"467",2015-11-11 15:00:00,19.4010016178177
"468",2015-11-11 16:00:00,83.8029534943639
"469",2015-11-11 17:00:00,58.3475728058582
"470",2015-11-11 18:00:00,29.7851645256109
"471",2015-11-11 19:00:00,89.4783465963134
"472",2015-11-11 20:00:00,91.3195735875295
"473",2015-11-11 21:00:00,55.98542639928
"474",2015-11-11 22:00:00,40.5225034823701
"475",2015-11-11 23:00:00,23.1839881975362
"476",2015-11-12 00:00:00,26.1058089784318
"477",2015-11-12 01:00:00,63.2447949497995
"478",2015-11-12 02:00:00,72.2213443665985
"479",2015-11-12 03:00:00,62.3210170200497
"480",2015-11-12 04:00:00,54.8775036374981
"481",2015-11-12 05:00:00,36.4491989054715
"482",2015-11-12 06:00:00,36.7684263201972
"483",2015-11-12 07:00:00,67.5588145398066
"484",2015-11-12 08:00:00,51.5058936482489
"485",2015-11-12 09:00:00,32.7442332838009
"486",2015-11-12 10:00:00,56.319493291507
"487",2015-11-12 11:00:00,51.2517714056251
"488",2015-11-12 12:00:00,43.6268206072411
"489",2015-11-12 13:00:00,64.3633460956087
"490",2015-11-12 14:00:00,57.0258134683868
"491",2015-11-12 15:00:00,47.5556297424382
"492",2015-11-12 16:00:00,59.4847939238919
"493",2015-11-12 17:00:00,34.7399287348084
"494",2015-11-12 18:00:00,41.8292772003862
"495",2015-11-12 19:00:00,119.060480482942
"496",2015-11-12 20:00:00,101.60937833251
"497",2015-11-12 21:00:00,53.0654902898551
"498",2015-11-12 22:00:00,59.2128340867772
"499",2015-11-12 23:00:00,40.3437490621589
"500",2015-11-13 00:00:00,38.6529086928336
"501",2015-11-13 01:00:00,87.6322968903674
"502",2015-11-13 02:00:00,68.4077136852199
"503",2015-11-13 03:00:00,36.2815820071541
"504",2015-11-13 04:00:00,61.3590769355751
"505",2015-11-13 05:00:00,72.7302904000044
"506",2015-11-13 06:00:00,62.4563749641142
"507",2015-11-13 07:00:00,46.045496963834
"508",2015-11-13 08:00:00,32.6683726240411
"509",2015-11-13 09:00:00,47.3400368280258
"510",2015-11-13 10:00:00,88.3811310829576
"511",2015-11-13 11:00:00,70.1574917386828
"512",2015-11-13 12:00:00,41.3463599022667
"513",2015-11-13 13:00:00,58.0189015956627
"514",2015-11-13 14:00:00,62.5261953480772
"515",2015-11-13 15:00:00,52.6305201806101
"516",2015-11-13 16:00:00,43.7500564003153
"517",2015-11-13 17:00:00,36.9750112830903
"518",2015-11-13 18:00:00,46.6100701512098
"519",2015-11-13 19:00:00,71.364748955706
"520",2015-11-13 20:00:00,59.4566662379641
"521",2015-11-13 21:00:00,58.2492766860819
"522",2015-11-13 22:00:00,91.1229517615637
"523",2015-11-13 23:00:00,38.6514013929614
"524",2015-11-14 00:00:00,17.0031797724172
"525",2015-11-14 01:00:00,106.409056393788
"526",2015-11-14 02:00:00,71.9402243414713
"527",2015-11-14 03:00:00,42.2823801236238
"528",2015-11-14 04:00:00,137.687219019706
"529",2015-11-14 05:00:00,98.0774585585284
"530",2015-11-14 06:00:00,38.1875138012407
"531",2015-11-14 07:00:00,97.3479833614912
"532",2015-11-14 08:00:00,94.0487394056883
"533",2015-11-14 09:00:00,74.0497629038197
"534",2015-11-14 10:00:00,107.336776723911
"535",2015-11-14 11:00:00,87.5806470169634
"536",2015-11-14 12:00:00,69.727846256861
"537",2015-11-14 13:00:00,101.870920070926
"538",2015-11-14 14:00:00,55.7656650342604
"539",2015-11-14 15:00:00,22.0470662200826
"540",2015-11-14 16:00:00,78.0928409834819
"541",2015-11-14 17:00:00,52.6892024049252
"542",2015-11-14 18:00:00,30.9688652829982
"543",2015-11-14 19:00:00,92.6998731305307
"544",2015-11-14 20:00:00,52.2716203055726
"545",2015-11-14 21:00:00,17.006484980486
"546",2015-11-14 22:00:00,90.3746535078834
"547",2015-11-14 23:00:00,71.8376345149007
"548",2015-11-15 00:00:00,39.7156874350428
"549",2015-11-15 01:00:00,84.3736714924509
"550",2015-11-15 02:00:00,47.6455211049475
"551",2015-11-15 03:00:00,16.0161555564838
"552",2015-11-15 04:00:00,77.0411331152992
"553",2015-11-15 05:00:00,67.4535466760336
"554",2015-11-15 06:00:00,31.7719071454425
"555",2015-11-15 07:00:00,46.2756142641545
"556",2015-11-15 08:00:00,51.5051384076665
"557",2015-11-15 09:00:00,50.5960374049205
"558",2015-11-15 10:00:00,52.0563548918768
"559",2015-11-15 11:00:00,17.6867413536402
"560",2015-11-15 12:00:00,27.9902667455248
"561",2015-11-15 13:00:00,115.338457023617
"562",2015-11-15 14:00:00,78.1873751082596
"563",2015-11-15 15:00:00,22.8214627969192
"564",2015-11-15 16:00:00,66.232312633538
"565",2015-11-15 17:00:00,51.1963675580033
"566",2015-11-15 18:00:00,28.251189441118
"567",2015-11-15 19:00:00,62.6890836509746
"568",2015-11-15 20:00:00,42.9068200629263
"569",2015-11-15 21:00:00,33.6574994497408
"570",2015-11-15 22:00:00,87.3687059368658
"571",2015-11-15 23:00:00,53.5481029908783
"572",2015-11-16 00:00:00,37.2272802350665
"573",2015-11-16 01:00:00,121.719465640445
"574",2015-11-16 02:00:00,85.532253543853
"575",2015-11-16 03:00:00,38.7417538152305
"576",2015-11-16 04:00:00,94.5774400975007
"577",2015-11-16 05:00:00,47.6513002929729
"578",2015-11-16 06:00:00,1.88461851337579
"579",2015-11-16 07:00:00,68.8333853757185
"580",2015-11-16 08:00:00,63.042051573385
"581",2015-11-16 09:00:00,52.3429811043448
"582",2015-11-16 10:00:00,112.262551142982
"583",2015-11-16 11:00:00,81.444919695398
"584",2015-11-16 12:00:00,45.7583635903247
"585",2015-11-16 13:00:00,90.8292371968204
"586",2015-11-16 14:00:00,56.0117696076888
"587",2015-11-16 15:00:00,24.9792201645829
"588",2015-11-16 16:00:00,83.5235460565898
"589",2015-11-16 17:00:00,73.6555241836918
"590",2015-11-16 18:00:00,54.0289888495878
"591",2015-11-16 19:00:00,93.8182854720178
"592",2015-11-16 20:00:00,68.7918860693337
"593",2015-11-16 21:00:00,33.6405122556926
"594",2015-11-16 22:00:00,51.7090204149796
"595",2015-11-16 23:00:00,28.7967676016856
"596",2015-11-17 00:00:00,19.8039637894076
"597",2015-11-17 01:00:00,67.5563636525957
"598",2015-11-17 02:00:00,36.216397916463
"599",2015-11-17 03:00:00,10.3589420022955
"600",2015-11-17 04:00:00,70.415915262584
"601",2015-11-17 05:00:00,65.3369360719349
"602",2015-11-17 06:00:00,40.5998626588789
"603",2015-11-17 07:00:00,64.9364363772781
"604",2015-11-17 08:00:00,61.8421743714596
"605",2015-11-17 09:00:00,42.6547104612227
"606",2015-11-17 10:00:00,34.6646844532798
"607",2015-11-17 11:00:00,16.8847177218297
"608",2015-11-17 12:00:00,32.5249590187434
"609",2015-11-17 13:00:00,92.3400913034136
"610",2015-11-17 14:00:00,63.7908950582887
"611",2015-11-17 15:00:00,33.0626556884152
"612",2015-11-17 16:00:00,77.7985195130455
"613",2015-11-17 17:00:00,49.161670687411
"614",2015-11-17 18:00:00,38.7194531649135
"615",2015-11-17 19:00:00,121.689437378013
"616",2015-11-17 20:00:00,89.2153855853259
"617",2015-11-17 21:00:00,29.4890315209365
"618",2015-11-17 22:00:00,55.0322807569726
"619",2015-11-17 23:00:00,44.3360263976455
"620",2015-11-18 00:00:00,47.0802281805404
"621",2015-11-18 01:00:00,103.194929366731
"622",2015-11-18 02:00:00,55.5532623524039
"623",2015-11-18 03:00:00,23.8367422232978
"624",2015-11-18 04:00:00,101.388238229789
"625",2015-11-18 05:00:00,50.8551012531947
"626",2015-11-18 06:00:00,11.4727378521034
"627",2015-11-18 07:00:00,114.242750085254
"628",2015-11-18 08:00:00,89.0297392042026
"629",2015-11-18 09:00:00,21.7051118076474
"630",2015-11-18 10:00:00,47.3009230664831
"631",2015-11-18 11:00:00,55.0103148084919
"632",2015-11-18 12:00:00,38.4252691018152
"633",2015-11-18 13:00:00,28.3569602157649
"634",2015-11-18 14:00:00,29.4872089014082
"635",2015-11-18 15:00:00,47.1268131238311
"636",2015-11-18 16:00:00,69.176950585116
"637",2015-11-18 17:00:00,40.9944626097192
"638",2015-11-18 18:00:00,27.5484113309602
"639",2015-11-18 19:00:00,71.3742036497255
"640",2015-11-18 20:00:00,48.9503478940139
"641",2015-11-18 21:00:00,30.0258061998494
"642",2015-11-18 22:00:00,75.7667149790426
"643",2015-11-18 23:00:00,40.1846856218608
"644",2015-11-19 00:00:00,16.5543291005855
"645",2015-11-19 01:00:00,89.2244417332474
"646",2015-11-19 02:00:00,79.3189833496007
"647",2015-11-19 03:00:00,53.1563109896548
"648",2015-11-19 04:00:00,88.4144662857194
"649",2015-11-19 05:00:00,50.8949378689025
"650",2015-11-19 06:00:00,32.5001588102959
"651",2015-11-19 07:00:00,103.546888940728
"652",2015-11-19 08:00:00,57.5237013491227
"653",2015-11-19 09:00:00,20.6718515218736
"654",2015-11-19 10:00:00,104.373023766888
"655",2015-11-19 11:00:00,58.4166347466175
"656",2015-11-19 12:00:00,16.9555145507766
"657",2015-11-19 13:00:00,111.964194493814
"658",2015-11-19 14:00:00,81.4314902227456
"659",2015-11-19 15:00:00,19.1237576983494
"660",2015-11-19 16:00:00,51.3233038422097
"661",2015-11-19 17:00:00,26.9564985103237
"662",2015-11-19 18:00:00,14.8825758067048
"663",2015-11-19 19:00:00,82.7481050014444
"664",2015-11-19 20:00:00,65.7091903472909
"665",2015-11-19 21:00:00,44.2374425941066
"666",2015-11-19 22:00:00,98.198007543958
"667",2015-11-19 23:00:00,66.1334697746182
"668",2015-11-20 00:00:00,44.1456341894245
"669",2015-11-20 01:00:00,115.873912092895
"670",2015-11-20 02:00:00,77.4773141190191
"671",2015-11-20 03:00:00,33.6885947284897
"672",2015-11-20 04:00:00,98.126706006364
"673",2015-11-20 05:00:00,92.8574320326754
"674",2015-11-20 06:00:00,62.2162964792853
"675",2015-11-20 07:00:00,72.7804028924248
"676",2015-11-20 08:00:00,25.9600227164573
"677",2015-11-20 09:00:00,9.50652724507023
"678",2015-11-20 10:00:00,86.4305077989554
"679",2015-11-20 11:00:00,67.9523804496151
"680",2015-11-20 12:00:00,39.7747913658886
"681",2015-11-20 13:00:00,95.1195922331723
"682",2015-11-20 14:00:00,75.0385209753987
"683",2015-11-20 15:00:00,48.8338733608272
"684",2015-11-20 16:00:00,90.4473854266236
"685",2015-11-20 17:00:00,56.0200097948178
"686",2015-11-20 18:00:00,26.0703065320738
"687",2015-11-20 19:00:00,81.3474158730965
"688",2015-11-20 20:00:00,75.1811921911742
"689",2015-11-20 21:00:00,63.0768570869848
"690",2015-11-20 22:00:00,97.7748059625078
"691",2015-11-20 23:00:00,33.3623228083979
"692",2015-11-21 00:00:00,6.90739372145779
"693",2015-11-21 01:00:00,116.471733572007
"694",2015-11-21 02:00:00,81.6440723057564
"695",2015-11-21 03:00:00,23.7911884031496
"696",2015-11-21 04:00:00,86.5832853501566
"697",2015-11-21 05:00:00,67.5537604414683
"698",2015-11-21 06:00:00,30.7225901872945
"699",2015-11-21 07:00:00,71.6224637478169
"700",2015-11-21 08:00:00,79.7656995239332
"701",2015-11-21 09:00:00,59.9755661831811
"702",2015-11-21 10:00:00,49.2483635927136
"703",2015-11-21 11:00:00,43.4718236305216
"704",2015-11-21 12:00:00,58.7681100495576
"705",2015-11-21 13:00:00,88.5338686804189
"706",2015-11-21 14:00:00,51.6768127966095
"707",2015-11-21 15:00:00,32.0779897675985
"708",2015-11-21 16:00:00,95.1122622026793
"709",2015-11-21 17:00:00,96.9427830556559
"710",2015-11-21 18:00:00,68.860907001969
"711",2015-11-21 19:00:00,69.6207360726607
"712",2015-11-21 20:00:00,53.6049535389341
"713",2015-11-21 21:00:00,55.4938738406539
"714",2015-11-21 22:00:00,96.4855888678111
"715",2015-11-21 23:00:00,78.1965142706986
"716",2015-11-22 00:00:00,51.711642423407
"717",2015-11-22 01:00:00,67.2983393633547
"718",2015-11-22 02:00:00,34.5375595515895
"719",2015-11-22 03:00:00,29.9849893286471
"720",2015-11-22 04:00:00,106.067149236662
"721",2015-11-22 05:00:00,85.1399364116793
"722",2015-11-22 06:00:00,39.7995804357176
"723",2015-11-22 07:00:00,63.0489340793152
"724",2015-11-22 08:00:00,52.2659904780372
"725",2015-11-22 09:00:00,47.2619095897592
"726",2015-11-22 10:00:00,85.1259825544937
"727",2015-11-22 11:00:00,50.8153628909962
"728",2015-11-22 12:00:00,26.9442128251577
"729",2015-11-22 13:00:00,85.708856808605
"730",2015-11-22 14:00:00,75.3243034098448
"731",2015-11-22 15:00:00,47.1080367286611
"732",2015-11-22 16:00:00,73.8073404662422
"733",2015-11-22 17:00:00,73.0492635757783
"734",2015-11-22 18:00:00,56.9241400056295
"735",2015-11-22 19:00:00,57.069808678205
"736",2015-11-22 20:00:00,53.4347736474994
"737",2015-11-22 21:00:00,58.9709996117907
"738",2015-11-22 22:00:00,76.9638743539943
"739",2015-11-22 23:00:00,53.7854055330595
"740",2015-11-23 00:00:00,36.8559114880639
"741",2015-11-23 01:00:00,65.6819170075297
"742",2015-11-23 02:00:00,62.142883904883
"743",2015-11-23 03:00:00,57.4235481959775
"744",2015-11-23 04:00:00,80.1668146691189
"745",2015-11-23 05:00:00,47.945926656364
"746",2015-11-23 06:00:00,27.0311098627953
"747",2015-11-23 07:00:00,66.8448164694986
"748",2015-11-23 08:00:00,32.0981129696759
"749",2015-11-23 09:00:00,7.23071691329169
"750",2015-11-23 10:00:00,70.6794235332641
"751",2015-11-23 11:00:00,66.0420328539424
"752",2015-11-23 12:00:00,51.2301887360243
"753",2015-11-23 13:00:00,93.5585584828991
"754",2015-11-23 14:00:00,68.2071009378838
"755",2015-11-23 15:00:00,32.8659600175948
"756",2015-11-23 16:00:00,57.8010871787986
"757",2015-11-23 17:00:00,58.661053339971
"758",2015-11-23 18:00:00,66.16324291745
"759",2015-11-23 19:00:00,110.909020149739
"760",2015-11-23 20:00:00,100.248560361973
"761",2015-11-23 21:00:00,65.1602204230701
"762",2015-11-23 22:00:00,47.7942583442255
"763",2015-11-23 23:00:00,5.2225035057347
"764",2015-11-24 00:00:00,4.38846871863112
"765",2015-11-24 01:00:00,80.6987512760767
"766",2015-11-24 02:00:00,74.7286447474969
"767",2015-11-24 03:00:00,45.3471229292943
"768",2015-11-24 04:00:00,65.8960941253081
"769",2015-11-24 05:00:00,37.6073373427366
"770",2015-11-24 06:00:00,24.1841214223068
"771",2015-11-24 07:00:00,78.4455795157115
"772",2015-11-24 08:00:00,60.1574418342534
"773",2015-11-24 09:00:00,42.129950793947
"774",2015-11-24 10:00:00,96.118712690701
"775",2015-11-24 11:00:00,78.244795395292
"776",2015-11-24 12:00:00,43.1421066387925
"777",2015-11-24 13:00:00,59.1087853648917
"778",2015-11-24 14:00:00,32.5348286099881
"779",2015-11-24 15:00:00,26.9000954583791
"780",2015-11-24 16:00:00,91.5346436856523
"781",2015-11-24 17:00:00,79.1642357382609
"782",2015-11-24 18:00:00,58.6120624756558
"783",2015-11-24 19:00:00,104.092563785551
"784",2015-11-24 20:00:00,85.3996973914446
"785",2015-11-24 21:00:00,34.7707659171499
"786",2015-11-24 22:00:00,22.31324254378
"787",2015-11-24 23:00:00,41.2844468653074
"788",2015-11-25 00:00:00,63.6823875331334
"789",2015-11-25 01:00:00,55.6333709363065
"790",2015-11-25 02:00:00,-2.616693230068
"791",2015-11-25 03:00:00,5.54496170548803
"792",2015-11-25 04:00:00,122.615285395784
"793",2015-11-25 05:00:00,81.5974511880102
"794",2015-11-25 06:00:00,20.6046070863454
"795",2015-11-25 07:00:00,93.8996260340643
"796",2015-11-25 08:00:00,93.6732848789009
"797",2015-11-25 09:00:00,51.5157769335625
"798",2015-11-25 10:00:00,47.594361121543
"799",2015-11-25 11:00:00,34.1753034808783
"800",2015-11-25 12:00:00,42.9346763014083
"801",2015-11-25 13:00:00,93.9572214271705
"802",2015-11-25 14:00:00,87.6128903781749
"803",2015-11-25 15:00:00,64.8226479580277
"804",2015-11-25 16:00:00,70.8902127415259
"805",2015-11-25 17:00:00,33.8082846048176
"806",2015-11-25 18:00:00,28.5030255200142
"807",2015-11-25 19:00:00,102.883841462958
"808",2015-11-25 20:00:00,86.9558461263344
"809",2015-11-25 21:00:00,49.4031910967414
"810",2015-11-25 22:00:00,76.4897240985308
"811",2015-11-25 23:00:00,62.5948915029535
"812",2015-11-26 00:00:00,43.4855360613533
"813",2015-11-26 01:00:00,65.3085608367006
"814",2015-11-26 02:00:00,52.3524253803744
"815",2015-11-26 03:00:00,43.2048973964603
"816",2015-11-26 04:00:00,68.8581288852454
"817",2015-11-26 05:00:00,34.372848925726
"818",2015-11-26 06:00:00,34.0740065911275
"819",2015-11-26 07:00:00,125.978612708013
"820",2015-11-26 08:00:00,91.3977461141497
"821",2015-11-26 09:00:00,32.4261342902768
"822",2015-11-26 10:00:00,67.3961301002051
"823",2015-11-26 11:00:00,40.881816077474
"824",2015-11-26 12:00:00,18.7003392491158
"825",2015-11-26 13:00:00,75.7913068878749
"826",2015-11-26 14:00:00,74.0606229753326
"827",2015-11-26 15:00:00,45.1730029469846
"828",2015-11-26 16:00:00,46.0316546972331
"829",2015-11-26 17:00:00,25.6077508014765
"830",2015-11-26 18:00:00,14.6358847823228
"831",2015-11-26 19:00:00,39.1177741275219
"832",2015-11-26 20:00:00,26.8476289004695
"833",2015-11-26 21:00:00,18.7684890978604
"834",2015-11-26 22:00:00,53.4657646457618
"835",2015-11-26 23:00:00,51.1656645086524
"836",2015-11-27 00:00:00,44.8248720216165
"837",2015-11-27 01:00:00,68.3758686911076
"838",2015-11-27 02:00:00,49.2679104554439
"839",2015-11-27 03:00:00,43.6614768538743
"840",2015-11-27 04:00:00,87.0354522755432
"841",2015-11-27 05:00:00,43.0900009069038
"842",2015-11-27 06:00:00,19.962453347076
"843",2015-11-27 07:00:00,101.773557630718
"844",2015-11-27 08:00:00,72.2902546009654
"845",2015-11-27 09:00:00,23.640380655151
"846",2015-11-27 10:00:00,67.4257140844994
"847",2015-11-27 11:00:00,54.6882169304753
"848",2015-11-27 12:00:00,35.9188472354328
"849",2015-11-27 13:00:00,74.0477844020639
"850",2015-11-27 14:00:00,55.8167810399855
"851",2015-11-27 15:00:00,34.9813624347634
"852",2015-11-27 16:00:00,68.5959640474324
"853",2015-11-27 17:00:00,50.7763877783766
"854",2015-11-27 18:00:00,18.6437661502138
"855",2015-11-27 19:00:00,22.6560621549214
"856",2015-11-27 20:00:00,5.60254368150335
"857",2015-11-27 21:00:00,14.5051972162639
"858",2015-11-27 22:00:00,79.6283084379538
"859",2015-11-27 23:00:00,78.7583489393156
"860",2015-11-28 00:00:00,55.7356155745347
"861",2015-11-28 01:00:00,71.2124225185513
"862",2015-11-28 02:00:00,65.2453572605349
"863",2015-11-28 03:00:00,60.0209558670322
"864",2015-11-28 04:00:00,78.1134854441724
"865",2015-11-28 05:00:00,57.7377547356128
"866",2015-11-28 06:00:00,42.9702944366611
"867",2015-11-28 07:00:00,66.6903991385754
"868",2015-11-28 08:00:00,33.8386436717855
"869",2015-11-28 09:00:00,13.365611553228
"870",2015-11-28 10:00:00,64.9226211004065
"871",2015-11-28 11:00:00,58.7516366922869
"872",2015-11-28 12:00:00,30.9249394520278
"873",2015-11-28 13:00:00,35.8739050148436
"874",2015-11-28 14:00:00,12.3626813408819
"875",2015-11-28 15:00:00,13.8307089244995
"876",2015-11-28 16:00:00,77.8683773702067
"877",2015-11-28 17:00:00,79.6015904072838
"878",2015-11-28 18:00:00,56.4024694236973
"879",2015-11-28 19:00:00,61.6296227641953
"880",2015-11-28 20:00:00,34.0978287266667
"881",2015-11-28 21:00:00,26.098597579813
"882",2015-11-28 22:00:00,74.8519683454266
"883",2015-11-28 23:00:00,63.9219170668651
"884",2015-11-29 00:00:00,56.7709945074909
"885",2015-11-29 01:00:00,106.303778754464
"886",2015-11-29 02:00:00,67.7741542005433
"887",2015-11-29 03:00:00,37.4531824623796
"888",2015-11-29 04:00:00,102.451148977665
"889",2015-11-29 05:00:00,85.8569595756293
"890",2015-11-29 06:00:00,53.8050469259866
"891",2015-11-29 07:00:00,82.9908203586097
"892",2015-11-29 08:00:00,38.415013011351
"893",2015-11-29 09:00:00,16.0884903220095
"894",2015-11-29 10:00:00,95.6285581218206
"895",2015-11-29 11:00:00,79.7351379652642
"896",2015-11-29 12:00:00,45.0772137900643
"897",2015-11-29 13:00:00,83.3533746400088
"898",2015-11-29 14:00:00,52.0889286693917
"899",2015-11-29 15:00:00,19.4656176932983
"900",2015-11-29 16:00:00,56.9212987266064
"901",2015-11-29 17:00:00,31.5177392344629
"902",2015-11-29 18:00:00,20.7696360188625
"903",2015-11-29 19:00:00,89.0505716061679
"904",2015-11-29 20:00:00,59.1118473006005
"905",2015-11-29 21:00:00,30.5201605494198
"906",2015-11-29 22:00:00,98.3967004919981
"907",2015-11-29 23:00:00,72.5821175393343
"908",2015-11-30 00:00:00,37.3613976015331
"909",2015-11-30 01:00:00,84.6388613033589
"910",2015-11-30 02:00:00,51.4417061044301
"911",2015-11-30 03:00:00,24.056496808679
"912",2015-11-30 04:00:00,88.4508694328013
"913",2015-11-30 05:00:00,74.3999755408703
"914",2015-11-30 06:00:00,43.6075532374168
"915",2015-11-30 07:00:00,78.1104142215965
"916",2015-11-30 08:00:00,74.7525867503853
"917",2015-11-30 09:00:00,68.5176920071262
"918",2015-11-30 10:00:00,91.8248578557339
"919",2015-11-30 11:00:00,38.0969034151504
"920",2015-11-30 12:00:00,20.9899677634925
"921",2015-11-30 13:00:00,119.98472390636
"922",2015-11-30 14:00:00,106.968738879211
"923",2015-11-30 15:00:00,56.0187355063821
"924",2015-11-30 16:00:00,73.4484751723336
"925",2015-11-30 17:00:00,48.9383836615226
"926",2015-11-30 18:00:00,38.4296950821411
"927",2015-11-30 19:00:00,92.507161732348
"928",2015-11-30 20:00:00,71.0223002960058
"929",2015-11-30 21:00:00,32.9174810452321
"930",2015-11-30 22:00:00,52.8949436247675
"931",2015-11-30 23:00:00,46.8546179903826
"932",2015-12-01 00:00:00,46.1858047199405
"933",2015-12-01 01:00:00,78.4958401658322
"934",2015-12-01 02:00:00,44.6231863383236
"935",2015-12-01 03:00:00,15.820063438595
"936",2015-12-01 04:00:00,58.8451821365582
"937",2015-12-01 05:00:00,57.466975170356
"938",2015-12-01 06:00:00,39.319313625871
"939",2015-12-01 07:00:00,44.0704501168748
"940",2015-12-01 08:00:00,5.90764282680104
"941",2015-12-01 09:00:00,15.0304806221234
"942",2015-12-01 10:00:00,123.10269230219
"943",2015-12-01 11:00:00,122.108162545268
"944",2015-12-01 12:00:00,72.8796177146805
"945",2015-12-01 13:00:00,71.3667059811624
"946",2015-12-01 14:00:00,43.2654864966941
"947",2015-12-01 15:00:00,41.5790460883728
"948",2015-12-01 16:00:00,102.296017042902
"949",2015-12-01 17:00:00,80.6316083207493
"950",2015-12-01 18:00:00,43.4058534025669
"951",2015-12-01 19:00:00,66.4877506585134
"952",2015-12-01 20:00:00,43.873523253425
"953",2015-12-01 21:00:00,33.5265415952336
"954",2015-12-01 22:00:00,82.8673860075547
"955",2015-12-01 23:00:00,48.3960033975725
"956",2015-12-02 00:00:00,18.8130224491967
"957",2015-12-02 01:00:00,75.6135685123286
"958",2015-12-02 02:00:00,53.7648074262112
"959",2015-12-02 03:00:00,29.9279775209157
"960",2015-12-02 04:00:00,80.723544723122
"961",2015-12-02 05:00:00,44.6292330370576
"962",2015-12-02 06:00:00,21.4676343019814
"963",2015-12-02 07:00:00,102.995279689598
"964",2015-12-02 08:00:00,94.2102484014252
"965",2015-12-02 09:00:00,57.5899350341151
"966",2015-12-02 10:00:00,81.3089420605731
"967",2015-12-02 11:00:00,58.7128989940699
"968",2015-12-02 12:00:00,35.049138916273
"969",2015-12-02 13:00:00,66.2257169509241
"970",2015-12-02 14:00:00,68.6736221470115
"971",2015-12-02 15:00:00,43.4405358566183
"972",2015-12-02 16:00:00,20.8811953733217
"973",2015-12-02 17:00:00,19.1233286268679
"974",2015-12-02 18:00:00,45.7246222563986
"975",2015-12-02 19:00:00,84.7758891274923
"976",2015-12-02 20:00:00,69.4611350332994
"977",2015-12-02 21:00:00,51.2870882821281
"978",2015-12-02 22:00:00,74.1370328244045
"979",2015-12-02 23:00:00,56.4183514123732
"980",2015-12-03 00:00:00,53.1841845068409
"981",2015-12-03 01:00:00,106.795700824649
"982",2015-12-03 02:00:00,89.6934043391871
"983",2015-12-03 03:00:00,57.0736482419353
"984",2015-12-03 04:00:00,72.1599277731003
"985",2015-12-03 05:00:00,44.0951231127476
"986",2015-12-03 06:00:00,46.2365850853313
"987",2015-12-03 07:00:00,126.877177052461
"988",2015-12-03 08:00:00,105.234951933333
"989",2015-12-03 09:00:00,71.1345304578706
"990",2015-12-03 10:00:00,116.983159642466
"991",2015-12-03 11:00:00,77.3927882053778
"992",2015-12-03 12:00:00,28.5558590606079
"993",2015-12-03 13:00:00,55.7251811477543
"994",2015-12-03 14:00:00,26.6153982221674
"995",2015-12-03 15:00:00,27.0002779993339
"996",2015-12-03 16:00:00,117.213265524771
"997",2015-12-03 17:00:00,76.5435883448829
"998",2015-12-03 18:00:00,31.4831050839573
"999",2015-12-03 19:00:00,109.753386866785
"1000",2015-12-03 20:00:00,93.4284725382785
"1001",2015-12-03 21:00:00,33.4013261269372
"1002",2015-12-03 22:00:00,66.6814712378779
"1003",2015-12-04 05:00:00,70.2148743579185
"1004",2015-12-04 06:00:00,47.9609032904899
"1005",2015-12-04 07:00:00,66.7147115423754
"1006",2015-12-04 08:00:00,69.7718444010398
"1007",2015-12-04 09:00:00,57.4121512759662
"1008",2015-12-04 10:00:00,64.8575347287835
"1009",2015-12-04 11:00:00,66.3036922095577
"1010",2015-12-04 12:00:00,60.0888437491748
"1011",2015-12-04 13:00:00,63.6143289550007
"1012",2015-12-04 14:00:00,64.7635870376711
"1013",2015-12-04 15:00:00,61.7990317529576
"1014",2015-12-04 16:00:00,63.4033518078636
"1015",2015-12-04 17:00:00,64.0684347636423
"1016",2015-12-04 18:00:00,62.5865612718124
"1017",2015-12-04 19:00:00,63.2825721676691
"1018",2015-12-04 20:00:00,63.6605298674391
"1019",2015-12-04 21:00:00,62.9392382697462
"1020",2015-12-04 22:00:00,63.2472716926939
"1021",2015-12-04 23:00:00,63.4614044471493
"1022",2015-12-05 00:00:00,63.1119201115115
"1023",2015-12-05 01:00:00,63.2441695755661
"1024",2015-12-05 02:00:00,63.360569392869
"1025",2015-12-05 03:00:00,63.1912227480606
"1026",2015-12-05 04:00:00,63.2466758493115
"1027",2015-12-05 05:00:00,63.309199987791
"1028",2015-12-05 06:00:00,63.227838578615
"1029",2015-12-05 07:00:00,63.2505403714985
"1030",2015-12-05 08:00:00,63.2836739204887
"1031",2015-12-05 09:00:00,63.2447497650129
"1032",2015-12-05 10:00:00,63.2536322921104
"1033",2015-12-05 11:00:00,63.2709562016826
"1034",2015-12-05 12:00:00,63.25242689383
"1035",2015-12-05 13:00:00,63.2556876188098
"1036",2015-12-05 14:00:00,63.264660746066
"1037",2015-12-05 15:00:00,63.255892280486
"1038",2015-12-05 16:00:00,63.2569600132334
"1039",2015-12-05 17:00:00,63.2615659619402
"1040",2015-12-05 18:00:00,63.2574394254628
"1041",2015-12-05 19:00:00,63.2577053456433
"1042",2015-12-05 20:00:00,63.2600506760865
"1043",2015-12-05 21:00:00,63.258120513961
"1044",2015-12-05 22:00:00,63.2581270172008
"1045",2015-12-05 23:00:00,63.2593128154072
"1046",2015-12-06 00:00:00,63.2584159182884
"1047",2015-12-06 01:00:00,63.2583597732848
"1048",2015-12-06 02:00:00,63.2589553535157
"1049",2015-12-06 03:00:00,63.2585415261504
"1050",2015-12-06 04:00:00,63.258485721531
"1051",2015-12-06 05:00:00,63.2587830286108
"1052",2015-12-06 06:00:00,63.2585935832226
"1053",2015-12-06 07:00:00,63.2585528253121
"1054",2015-12-06 08:00:00,63.2587003840429
"1055",2015-12-06 09:00:00,63.2586144174449
"1056",2015-12-06 10:00:00,63.2585881211834
"1057",2015-12-06 11:00:00,63.2586609546886
"1058",2015-12-06 12:00:00,63.2586223338277
"1059",2015-12-06 13:00:00,63.2586064841487
"1060",2015-12-06 14:00:00,63.2586422438706
"1061",2015-12-06 15:00:00,63.2586250947357
"1062",2015-12-06 16:00:00,63.2586159478005
"1063",2015-12-06 17:00:00,63.2586334146165
"1064",2015-12-06 18:00:00,63.2586259049912
"1065",2015-12-06 19:00:00,63.2586207844427
"1066",2015-12-06 20:00:00,63.2586292728355
"1067",2015-12-06 21:00:00,63.258626040006
"1068",2015-12-06 22:00:00,63.2586232378299
"1069",2015-12-06 23:00:00,63.2586273421654
"1070",2015-12-07 00:00:00,63.2586259802934
"1071",2015-12-07 01:00:00,63.2586244738174
"1072",2015-12-07 02:00:00,63.2586264483149
"1073",2015-12-07 03:00:00,63.2586258908775
"1074",2015-12-07 04:00:00,63.2586250925607
"1075",2015-12-07 05:00:00,63.2586260375674
"1076",2015-12-07 06:00:00,63.2586258184655
"1077",2015-12-07 07:00:00,63.2586254004752
"1078",2015-12-07 08:00:00,63.2586258503814
"1079",2015-12-07 09:00:00,63.2586257694633
"1080",2015-12-07 10:00:00,63.258625552848
"1081",2015-12-07 11:00:00,63.2586257658754
"1082",2015-12-07 12:00:00,63.2586257390971
"1083",2015-12-07 13:00:00,63.2586256278449
"1084",2015-12-07 14:00:00,63.2586257281363
"1085",2015-12-07 15:00:00,63.258625721249
"1086",2015-12-07 16:00:00,63.2586256645656
"1087",2015-12-07 17:00:00,63.2586257114964
"1088",2015-12-07 18:00:00,63.2586257111258
"1089",2015-12-07 19:00:00,63.2586256824534
"1090",2015-12-07 20:00:00,63.2586257042721
"1091",2015-12-07 21:00:00,63.2586257055307
"1092",2015-12-07 22:00:00,63.2586256911231
"1093",2015-12-07 23:00:00,63.2586257011954
"1094",2015-12-08 00:00:00,63.2586257024991
"1095",2015-12-08 01:00:00,63.2586256953038
"1096",2015-12-08 02:00:00,63.2586256999176
"1097",2015-12-08 03:00:00,63.2586257008822
"1098",2015-12-08 04:00:00,63.2586256973096
"1099",2015-12-08 05:00:00,63.2586256994047
"1100",2015-12-08 06:00:00,63.258625700031
"1101",2015-12-08 07:00:00,63.258625698267
"1102",2015-12-08 08:00:00,63.2586256992089
"1103",2015-12-08 09:00:00,63.2586256995879
"1104",2015-12-08 10:00:00,63.2586256987214
"1105",2015-12-08 11:00:00,63.2586256991401
"1106",2015-12-08 12:00:00,63.2586256993593
"1107",2015-12-08 13:00:00,63.258625698936
"1108",2015-12-08 14:00:00,63.2586256991195
"1109",2015-12-08 15:00:00,63.2586256992425
"1110",2015-12-08 16:00:00,63.2586256990367
"1111",2015-12-08 17:00:00,63.2586256991158
"1112",2015-12-08 18:00:00,63.2586256991832
"1113",2015-12-08 19:00:00,63.2586256990836
"1114",2015-12-08 20:00:00,63.258625699117
"1115",2015-12-08 21:00:00,63.2586256991533
"1116",2015-12-08 22:00:00,63.2586256991054
"1117",2015-12-08 23:00:00,63.2586256991191
"1118",2015-12-09 00:00:00,63.2586256991383
"1119",2015-12-09 01:00:00,63.2586256991154
"1120",2015-12-09 02:00:00,63.2586256991208
"1121",2015-12-09 03:00:00,63.2586256991309
"1122",2015-12-09 04:00:00,63.2586256991199
"1123",2015-12-09 05:00:00,63.2586256991219
"1124",2015-12-09 06:00:00,63.2586256991272
"1125",2015-12-09 07:00:00,63.258625699122
"1126",2015-12-09 08:00:00,63.2586256991227
"1127",2015-12-09 09:00:00,63.2586256991253
"1128",2015-12-09 10:00:00,63.2586256991229
"1129",2015-12-09 11:00:00,63.2586256991231
"1130",2015-12-09 12:00:00,63.2586256991245
"1131",2015-12-09 13:00:00,63.2586256991233
"1132",2015-12-09 14:00:00,63.2586256991233
"1133",2015-12-09 15:00:00,63.258625699124
"1134",2015-12-09 16:00:00,63.2586256991235
"1135",2015-12-09 17:00:00,63.2586256991235
"1136",2015-12-09 18:00:00,63.2586256991238
"1137",2015-12-09 19:00:00,63.2586256991236
"1138",2015-12-09 20:00:00,63.2586256991235
"1139",2015-12-09 21:00:00,63.2586256991237
"1140",2015-12-09 22:00:00,63.2586256991236
"1141",2015-12-09 23:00:00,63.2586256991236
"1142",2015-12-10 00:00:00,63.2586256991237
"1143",2015-12-10 01:00:00,63.2586256991236
"1144",2015-12-10 02:00:00,63.2586256991236
"1145",2015-12-10 03:00:00,63.2586256991236
"1146",2015-12-10 04:00:00,63.2586256991236
"1147",2015-12-10 05:00:00,63.2586256991236
"1148",2015-12-10 06:00:00,63.2586256991236
"1149",2015-12-10 07:00:00,63.2586256991236
"1150",2015-12-10 08:00:00,63.2586256991236
"1151",2015-12-10 09:00:00,63.2586256991236
"1152",2015-12-10 10:00:00,63.2586256991236
"1153",2015-12-10 11:00:00,63.2586256991236
"1154",2015-12-10 12:00:00,63.2586256991236
"1155",2015-12-10 13:00:00,63.2586256991236
"1156",2015-12-10 14:00:00,63.2586256991236
"1157",2015-12-10 15:00:00,63.2586256991236
"1158",2015-12-10 16:00:00,63.2586256991236
"1159",2015-12-10 17:00:00,63.2586256991236
"1160",2015-12-10 18:00:00,63.2586256991236
"1161",2015-12-10 19:00:00,63.2586256991236
"1162",2015-12-10 20:00:00,63.2586256991236
"1163",2015-12-10 21:00:00,63.2586256991236
"1164",2015-12-10 22:00:00,63.2586256991236
"1165",2015-12-10 23:00:00,63.2586256991236
"1166",2015-12-11 00:00:00,63.2586256991236
"1167",2015-12-11 01:00:00,63.2586256991236
"1168",2015-12-11 02:00:00,63.2586256991236
"1169",2015-12-11 03:00:00,63.2586256991236
"1170",2015-12-11 04:00:00,63.2586256991236
"1171",2015-12-11 05:00:00,70.2148743579185
